policy,episode,profile,total_reward,mean_reward,mean_ee_error,max_ee_error,final_ee_error,mean_q_error,max_q_error,mean_force_residual_norm,max_force_residual_norm,mean_tau_residual_norm,max_tau_residual_norm,saturation_steps,joint_limit_steps,actuator_limit_steps,ncon_max,nan_flag,terminated,truncated,num_steps
zero_force,0,medium_train,-139.14043684033234,-0.2782808736806647,0.015163784380384192,0.0377528388435047,0.019966567787224932,0.1673624799454808,0.30752129635574066,0.0,0.0,0.0,0.0,377,0,0,0,0,0,1,500
zero_force,1,medium_train,-148.15795338199987,-0.29631590676399977,0.014674671903452119,0.03454014321712345,0.004440122647531201,0.17799478012331582,0.3244871172270666,0.0,0.0,0.0,0.0,368,0,0,0,0,0,1,500
zero_force,2,medium_train,-439.3605638819523,-0.8787211277639047,0.03118661533873019,0.05217556927722979,0.012692867888428608,0.2076935798146905,0.3563502043914986,0.0,0.0,0.0,0.0,415,17,21,0,0,0,1,500
zero_force,3,medium_train,-40.59548151640997,-0.7249193127930351,0.008976856734125077,0.03518580900947112,0.004197296770705005,0.10950510454746257,0.4177416041273819,0.0,0.0,0.0,0.0,21,2,3,0,0,1,0,56
zero_force,4,medium_train,-341.311070496948,-0.70958642514958,0.023152495256007214,0.047611086377218545,0.013578232378711553,0.21072340240671114,0.3934356649451489,0.0,0.0,0.0,0.0,374,10,14,0,0,1,0,481
zero_force,5,medium_train,-55.78011902518159,-0.858155677310486,0.01120649669711407,0.044123191214244864,0.004562442706233647,0.13156001112112511,0.4202322339981292,0.0,0.0,0.0,0.0,28,4,4,0,0,1,0,65
zero_force,6,medium_train,-128.96242282597302,-0.25792484565194607,0.018507037502361354,0.03240687029125059,0.011775795617058842,0.13847508131081532,0.28673099084237375,0.0,0.0,0.0,0.0,420,0,0,0,0,0,1,500
zero_force,7,medium_train,-177.75007045348954,-0.35550014090697907,0.016905057885804205,0.04452028715598735,0.008988537904848095,0.19591458969305206,0.38837545056869605,0.0,0.0,0.0,0.0,380,0,0,0,0,0,1,500
zero_force,8,medium_train,-157.59714960968125,-0.3151942992193625,0.013461200215754228,0.03527728756966465,0.02370533182972739,0.18286476120480688,0.3199852125864561,0.0,0.0,0.0,0.0,407,0,0,0,0,0,1,500
zero_force,9,medium_train,-192.80998073032424,-0.3856199614606485,0.015664561219815284,0.04204916474814233,0.03103645912549361,0.18948689625049955,0.3745869084172016,0.0,0.0,0.0,0.0,365,0,2,0,0,0,1,500
random_force,0,medium_train,-241.25522370888703,-0.48251044741777405,0.018754701599052914,0.04753814674012232,0.022013417890522982,0.19748291604899124,0.37300160286435385,4.8026634019466785,7.903470999151533,1.646602828552374,4.472953074131282,412,1,3,0,0,0,1,500
random_force,1,medium_train,-154.42704971508164,-0.3088540994301633,0.013998254895774522,0.03438704153432917,0.007436461689545636,0.1615500496895153,0.28632554811211175,4.713941017228521,8.402476443438484,1.5828970215203513,4.5076363359225,366,0,0,0,0,0,1,500
random_force,2,medium_train,-41.57137231282789,-0.8483953533230182,0.01142767039799332,0.04348077744042186,0.022608125486040426,0.10481378998877464,0.34319919088641737,4.899580743621529,7.841359042576615,1.604434143986774,4.29637417720803,20,2,3,0,0,1,0,49
random_force,3,medium_train,-45.00376921803822,-0.7759270554834177,0.014294645950142345,0.05520248193214975,0.03801626302739108,0.11485349476001731,0.3159264295912043,4.990615648803932,7.272317422027488,1.6813835666428845,4.114810130984967,31,3,3,0,0,1,0,58
random_force,4,medium_train,-199.6937460889592,-0.39938749217791836,0.01619381579844315,0.04245234264451094,0.017308486458903104,0.1912995601162637,0.37970141457588447,4.885434256076005,7.789903305581291,1.695842212054424,4.501908000605795,381,0,0,0,0,0,1,500
random_force,5,medium_train,-127.01928427575876,-0.2540385685515175,0.012575333286686178,0.03103341779103574,0.015796568726648353,0.13202109595712808,0.2723681751710388,4.824579401600931,8.021575794229618,1.5880045526031472,4.950677997903665,362,0,0,0,0,0,1,500
random_force,6,medium_train,-161.75590580648785,-0.3235118116129757,0.015219508519804817,0.0343121266862296,0.029405257376204932,0.15814774481702146,0.27450746646367225,4.893620130815092,7.770216902246805,1.5990127990417096,4.45486590334085,407,0,0,0,0,0,1,500
random_force,7,medium_train,-252.24993411446852,-0.504499868228937,0.030706361798846595,0.0733434180053217,0.02347458121920054,0.18717575150459065,0.4627035586706454,4.736963159693262,7.8730363886603145,1.6324523121698151,4.698545520169185,413,0,0,0,0,0,1,500
random_force,8,medium_train,-233.0280809274984,-0.46605616185499676,0.025527040035020314,0.05722945257389789,0.012727199670933616,0.1914386910063533,0.3800168070414832,4.839405213183545,8.022391108102692,1.6245424266981159,4.533577125014547,471,0,0,0,0,0,1,500
random_force,9,medium_train,-326.433398346703,-0.652866796693406,0.017174376716769673,0.05166927648042839,0.0039313859645785446,0.23212913439038252,0.46402918015249217,4.881680922038614,8.302897436745916,1.5770430735804493,4.314739840663369,441,6,6,0,0,0,1,500
sinusoid_force,0,medium_train,-202.42060819096338,-0.40484121638192677,0.01734599093924467,0.04362010588996191,0.02876069776432426,0.2123951732199845,0.42978277851030144,0.41926128719979566,0.5845619533240256,0.14263183266255688,0.35169404385080943,384,0,0,0,0,0,1,500
sinusoid_force,1,medium_train,-465.0039998930868,-1.0814046509141553,0.023552837558683443,0.0728152807263426,0.005816594818738662,0.28247129762898715,0.5732625817014894,0.4197264034684693,0.5845619533240256,0.1442013992175013,0.35893841941227717,326,14,17,0,0,1,0,430
sinusoid_force,2,medium_train,-483.45593432367355,-0.9669118686473471,0.03655887089589694,0.0645858303587397,0.05247169490865921,0.25629183441297676,0.44297134055494325,0.41926128719979566,0.5845619533240256,0.14252546369665534,0.35076442126419277,437,14,16,0,0,0,1,500
sinusoid_force,3,medium_train,-131.7298498353205,-0.263459699670641,0.02625131567100813,0.04940705383742859,0.010306537780397664,0.12211885578519575,0.17722242272289307,0.41926128719979566,0.5845619533240256,0.14327012251871973,0.34866629826808554,454,0,0,0,0,0,1,500
sinusoid_force,4,medium_train,-77.6433360183348,-0.1552866720366696,0.01177536635389525,0.026875047491499708,0.010313914365798916,0.10475811580716876,0.20297842507521116,0.41926128719979566,0.5845619533240256,0.14281539022597217,0.3488267858781228,345,0,0,0,0,0,1,500
sinusoid_force,5,medium_train,-124.3199499188621,-0.2486398998377242,0.011963662759119625,0.028188998119123072,0.005027127421119394,0.15720768524792283,0.28909068242193564,0.41926128719979566,0.5845619533240256,0.14329329542385508,0.35692990106410355,353,0,0,0,0,0,1,500
sinusoid_force,6,medium_train,-219.09982927929897,-0.43819965855859794,0.026717886110233176,0.04519819993339959,0.033467413585456185,0.2031238580390144,0.4024410351346317,0.41926128719979566,0.5845619533240256,0.14350873180885987,0.3496988713845546,428,0,0,0,0,0,1,500
sinusoid_force,7,medium_train,-89.18822578112103,-0.17837645156224208,0.013434679654572389,0.027222039518650914,0.012415272347124804,0.11676690817996128,0.23303574145768532,0.41926128719979566,0.5845619533240256,0.143013701065666,0.3547926508085834,345,0,0,0,0,0,1,500
sinusoid_force,8,medium_train,-211.76082970627493,-0.4235216594125499,0.026240455861530884,0.0534735574920294,0.02431260763655651,0.19020097914525252,0.37032796556951403,0.41926128719979566,0.5845619533240256,0.1443683522053098,0.3512243786451065,463,0,0,0,0,0,1,500
sinusoid_force,9,medium_train,-156.2077921166051,-0.3124155842332102,0.016713768915196624,0.035743357065862215,0.011578587558791058,0.1726464544358644,0.3203602801825295,0.41926128719979566,0.5845619533240256,0.14439528435434223,0.35417012053536046,434,0,0,0,0,0,1,500
