controller_mode,lambda_task,duration,tau_limit,rms_ee_pos_err,max_ee_pos_err,final_ee_pos_err,rms_joint_err,max_joint_err,max_tau,saturation_steps,joint_limit_steps,stable
pd_bias,0.0,1.0,20.0,0.3324627295430588,0.5109084422007895,0.5106551454248062,1.099983873005617,1.8419466556916406,20.0,462,0,True
pd_bias,0.1,1.0,20.0,0.3296928086847147,0.5033051939442862,0.5029855946784723,1.1000972349972253,1.8420839535173543,20.0,462,0,True
pd_bias,0.3,1.0,20.0,0.32485169619938814,0.48976765479030093,0.4890609911770615,1.100402243234191,1.842499139025919,20.0,462,0,True
computed_torque,0.0,1.0,20.0,0.3328539088463724,0.509583104879394,0.5093231235939962,1.0999717484984861,1.8417926465102445,20.0,470,0,True
computed_torque,0.1,1.0,20.0,0.3300589596105607,0.5020627097892336,0.5018480822175247,1.1000726427499277,1.8417507356542757,20.0,470,0,True
computed_torque,0.3,1.0,20.0,0.3253128432719195,0.48916224076100373,0.48837942478470087,1.1003771630417682,1.8426194585915818,20.0,470,0,True
pd_bias,0.0,1.0,50.0,0.3324830039477344,0.5128775980424418,0.5127534267582293,1.1012149208924944,1.8416790739108453,50.0,411,0,True
pd_bias,0.1,1.0,50.0,0.32979145979636715,0.5053737860557445,0.5053737860557445,1.1013438229795016,1.8419207207744217,50.0,412,0,True
pd_bias,0.3,1.0,50.0,0.3246959912138053,0.49158765162651885,0.49139576235140026,1.1019208166257672,1.8427150453722225,50.0,412,0,True
computed_torque,0.0,1.0,50.0,0.3328800378855544,0.5115140514820784,0.5115140514820784,1.1012955803961177,1.8416772374073183,50.0,415,0,True
computed_torque,0.1,1.0,50.0,0.3301443645904854,0.5040929355319993,0.5037446178031426,1.1014804832098222,1.8424660340595171,50.0,415,0,True
computed_torque,0.3,1.0,50.0,0.32504372359416484,0.49046912452080416,0.49031384111310766,1.101997662446351,1.8431452157158066,50.0,416,0,True
pd_bias,0.0,1.0,100.0,0.33993973832516805,0.5282979504449219,0.528085909056853,1.1058648855331905,1.8463903016472196,100.0,293,0,True
pd_bias,0.1,1.0,100.0,0.3367882326341096,0.520191152577009,0.5199642186201641,1.106081437320695,1.8457657324335872,100.0,296,0,True
pd_bias,0.3,1.0,100.0,0.3312065073709458,0.505758098372349,0.5056672329172601,1.106627993890396,1.84567565397473,100.0,296,0,True
computed_torque,0.0,1.0,100.0,0.3403583263834269,0.526817068102096,0.5267260519945852,1.1060834246440419,1.8451523345670786,100.0,294,0,True
computed_torque,0.1,1.0,100.0,0.3372165379239752,0.5189692790059273,0.5189692790059273,1.106217428397378,1.8449206887229628,100.0,299,0,True
computed_torque,0.3,1.0,100.0,0.3315564179563322,0.5047938799108052,0.5045475004126445,1.1066796348686534,1.8464293018166786,100.0,303,0,True
pd_bias,0.0,2.0,20.0,0.3328387162991682,0.5103769988802597,0.5096936439705781,1.0998374697536246,1.8416389649524756,20.0,885,0,True
pd_bias,0.1,2.0,20.0,0.3296224582415672,0.5021994937958292,0.5012470698956937,1.0999610844308252,1.8418197734842245,20.0,886,0,True
pd_bias,0.3,2.0,20.0,0.3240285900012414,0.48913992667696793,0.48889808910405796,1.1003721998014526,1.842471810401229,20.0,890,0,True
computed_torque,0.0,2.0,20.0,0.3328895677394054,0.5100156331279545,0.5091297606965912,1.0998468532116685,1.8417254639413094,20.0,888,0,True
computed_torque,0.1,2.0,20.0,0.32967055009826657,0.5018003014517761,0.5010907957397234,1.0999672188816119,1.8419132231996493,20.0,890,0,True
computed_torque,0.3,2.0,20.0,0.32406563979532915,0.4888307789035237,0.48882060932085303,1.1003787125091928,1.8424938058319142,20.0,901,0,True
pd_bias,0.0,2.0,50.0,0.33307580522461755,0.5126294553901839,0.5110427093290404,1.1014655764407941,1.8417823044668435,50.0,816,0,True
pd_bias,0.1,2.0,50.0,0.32984214735945006,0.5044508478694028,0.5027184028277029,1.1016290620960127,1.8418594523584588,50.0,818,0,True
pd_bias,0.3,2.0,50.0,0.3240120017219129,0.4895543978551608,0.489421842165455,1.1021981861322245,1.842708310196779,50.0,822,0,True
computed_torque,0.0,2.0,50.0,0.33312456309506355,0.512228608926233,0.5107351696979954,1.1014761419663979,1.8416527747055613,50.0,818,0,True
computed_torque,0.1,2.0,50.0,0.32988610375172267,0.5040807631890634,0.5023996852564723,1.101650964715638,1.8418922909264326,50.0,820,0,True
computed_torque,0.3,2.0,50.0,0.32404503815590263,0.48921176030839936,0.4891018856574664,1.1022636862297428,1.8426001602488464,50.0,845,0,True
pd_bias,0.0,2.0,100.0,0.3415091896075333,0.5279986525950449,0.5246747932641087,1.1073556320262765,1.8445719741356124,100.0,603,0,True
pd_bias,0.1,2.0,100.0,0.33789961870211027,0.5195884455721024,0.516393798414822,1.1074034676430942,1.8448823817481852,100.0,598,0,True
pd_bias,0.3,2.0,100.0,0.3313566277911411,0.504038707900328,0.5037765175622123,1.1078215833932206,1.8452130769289776,100.0,607,0,True
computed_torque,0.0,2.0,100.0,0.3415825027791312,0.5279497120496294,0.524405843034422,1.1074468815152587,1.8461830297103348,100.0,603,0,True
computed_torque,0.1,2.0,100.0,0.33797422512835423,0.5193147608197008,0.5158702075877912,1.1074983045960898,1.8451180743790307,100.0,602,0,True
computed_torque,0.3,2.0,100.0,0.33149507817470575,0.5036949741666112,0.5036167337744282,1.108111296969456,1.8450863273106506,100.0,632,0,True
pd_bias,0.0,3.0,20.0,0.33291603478684384,0.5102405726928303,0.5094884029191818,1.0997947611772454,1.8416731400795854,20.0,1336,0,True
pd_bias,0.1,3.0,20.0,0.32953552920645723,0.5018610304916505,0.5007451821351291,1.0999160406556816,1.8417946073095677,20.0,1318,0,True
pd_bias,0.3,3.0,20.0,0.32393096415521094,0.4899786451683338,0.48991669047903424,1.1003306246310953,1.8423775026106521,20.0,1354,0,True
computed_torque,0.0,3.0,20.0,0.33292643890578716,0.510101586002227,0.5093869454618006,1.0997982719747819,1.8417211206530313,20.0,1336,0,True
computed_torque,0.1,3.0,20.0,0.3295335742756362,0.5016365189527789,0.5013319514511596,1.0999247501475413,1.8419698610710042,20.0,1331,0,True
computed_torque,0.3,3.0,20.0,0.3239533135749687,0.4898774583403041,0.4896507924535874,1.1003292858018536,1.8424164630526494,20.0,1357,0,True
pd_bias,0.0,3.0,50.0,0.33321837049246733,0.5125225449974263,0.5109709183456157,1.1015051401619689,1.841743072396772,50.0,1246,0,True
pd_bias,0.1,3.0,50.0,0.32982467850452296,0.5042129353405045,0.5025282840340184,1.1016646921493454,1.841897173911548,50.0,1225,0,True
pd_bias,0.3,3.0,50.0,0.32372504966627513,0.48905232687644284,0.4889762175726176,1.102306043079176,1.8426379291807067,50.0,1269,0,True
computed_torque,0.0,3.0,50.0,0.3332301197523126,0.5123783547673632,0.5106770751639427,1.1015114887454385,1.841700747431992,50.0,1237,0,True
computed_torque,0.1,3.0,50.0,0.3298636941039883,0.5041754661222508,0.5039293740485078,1.1016768730236461,1.841817307106759,50.0,1249,0,True
computed_torque,0.3,3.0,50.0,0.3237400532802595,0.48890086092545076,0.4888803383310853,1.1023044154211337,1.842708879889401,50.0,1272,0,True
pd_bias,0.0,3.0,100.0,0.34187054551461393,0.5279838284047479,0.5248612707027356,1.1077905658288305,1.8451812836030501,100.0,918,0,True
pd_bias,0.1,3.0,100.0,0.3380796766038216,0.5194546638292861,0.5160872299084405,1.1077130471341425,1.8451384039767653,100.0,905,0,True
pd_bias,0.3,3.0,100.0,0.3313152757840031,0.5036044653521002,0.5033927756990222,1.1083471453927332,1.8450691800258632,100.0,943,0,True
computed_torque,0.0,3.0,100.0,0.3418849145178336,0.5278473909475923,0.5243963757972494,1.1078092853989876,1.8454415528454209,100.0,916,0,True
computed_torque,0.1,3.0,100.0,0.33811675466133145,0.5193923898638679,0.5190859549363827,1.1078104417471528,1.8450278691869948,100.0,911,0,True
computed_torque,0.3,3.0,100.0,0.3313243168350933,0.5036856220402586,0.5034105467682497,1.1083392026573418,1.846387616999757,100.0,935,0,True
pd_bias,0.0,5.0,20.0,0.3329641326440392,0.5101948047082371,0.509351748067942,1.099759397016201,1.841880128651177,20.0,2276,0,True
pd_bias,0.1,5.0,20.0,0.3294624543537616,0.5017343065585336,0.5010259239877467,1.0998931949144142,1.8418895317412585,20.0,2276,0,True
pd_bias,0.3,5.0,20.0,0.32383006353228444,0.48998794259798206,0.489529940680632,1.100298826060001,1.8425302940846224,20.0,2280,0,True
computed_torque,0.0,5.0,20.0,0.33296729619501775,0.5101544771090202,0.5091734046392818,1.0997592297647016,1.841873857984403,20.0,2278,0,True
computed_torque,0.1,5.0,20.0,0.329465991380242,0.5017170347158916,0.5007279868111174,1.0998917206368197,1.8418846539157918,20.0,2275,0,True
computed_torque,0.3,5.0,20.0,0.32384157930218177,0.489952724718064,0.48953437192545135,1.1003013994850712,1.8425317678909292,20.0,2286,0,True
pd_bias,0.0,5.0,50.0,0.333316564702854,0.5124770335812352,0.5109366897930706,1.1015538948866193,1.8417371845588426,50.0,2107,0,True
pd_bias,0.1,5.0,50.0,0.32981094219992524,0.5041268578779441,0.5026143501128195,1.1017436250380375,1.841882369586963,50.0,2107,0,True
pd_bias,0.3,5.0,50.0,0.3234939971279096,0.48881741246308774,0.4886020432305578,1.1023587592618407,1.8426923991321593,50.0,2149,0,True
computed_torque,0.0,5.0,50.0,0.33332028041338213,0.5124364353371915,0.5107339542762968,1.101554385443921,1.8417212612195666,50.0,2102,0,True
computed_torque,0.1,5.0,50.0,0.32981342511763206,0.5040904963803399,0.5024088373869101,1.101745551776027,1.8419106929659343,50.0,2110,0,True
computed_torque,0.3,5.0,50.0,0.3234986801676205,0.48878028799625467,0.4885623472437465,1.1023591773013743,1.842721118902129,50.0,2149,0,True
pd_bias,0.0,5.0,100.0,0.34213065271136217,0.527982927601616,0.5245851647730244,1.1081967152463261,1.8450502187296407,100.0,1570,0,True
pd_bias,0.1,5.0,100.0,0.3382509272841287,0.5192539824275964,0.5159617018330973,1.10820986176591,1.8445840427344844,100.0,1570,0,True
pd_bias,0.3,5.0,100.0,0.33121157929792444,0.5036480323943983,0.5031365154648589,1.1086682232442777,1.8461730044930078,100.0,1600,0,True
computed_torque,0.0,5.0,100.0,0.342130429549136,0.5277825897918255,0.5244635656905025,1.1081736193636627,1.8446899068171958,100.0,1569,0,True
computed_torque,0.1,5.0,100.0,0.33825128599138116,0.5193630122574299,0.5159509507683828,1.1081927878613436,1.8453862446944767,100.0,1574,0,True
computed_torque,0.3,5.0,100.0,0.33120998029676857,0.503458976623965,0.503063284591433,1.1086404508730405,1.8453062703350895,100.0,1589,0,True
