residual_gain,residual_filter_tau,final_fade_duration,max_delta_force_per_step,mean_delta_ee_rms,mean_delta_final_ee,mean_delta_max_ee,mean_delta_rms_ee_error_velocity,mean_delta_rms_highfreq,mean_delta_p2p_error_norm,mean_delta_saturation_frac,mean_delta_limit_frac,mean_delta_reward,improvement_ratio,ncon_max,selection_score
0.5,0.03,0.0,none,-0.0001875071898595029,0.0003542644320645027,1.8833357167453295e-05,0.009499873260929066,0.00029435664725071734,3.6151896662686815e-05,0.012303548779359526,-0.0031538919597977676,6.862344326618283,0.7,0,0.0015515208230988484
0.5,0.03,0.0,0.2,-0.0005885853875907632,0.0014786139992277487,-0.00029507258832071046,-0.0021870223642478813,2.011577789174113e-05,-0.00027198530795835113,-0.003136608094087099,-0.0026594476943066696,21.458599394458968,0.7,0,0.000900086500582856
0.5,0.03,0.0,0.3,-0.00017806970024925243,0.0007662750825577249,0.0008871931827237251,0.009703507334501295,0.0003297529209167998,0.0009041347102664979,0.011087621152354402,-0.0021468771786132008,0.17011328934459016,0.6666666666666666,0,0.0020426709000556124
0.5,0.03,0.3,none,-0.00019343093126406667,-1.9795875276560197e-05,-1.0845043006135758e-07,0.00950190822347887,0.0002946379432010483,1.1512305620488389e-05,0.012303548779359526,-0.0031538919597977676,6.963296896696557,0.7,0,0.0011865453793965077
0.5,0.03,0.3,0.2,-0.0005942107460369399,0.001267405470208637,-0.0004819540532744833,-0.002193384037326583,1.9673889526808057e-05,-0.0004588667729121239,-0.003136608094087099,-0.002592781027640003,21.211572887337145,0.7,0,0.0006830316689351013
0.5,0.03,0.3,0.3,-0.00018398359945417456,0.0006360466092333462,0.0007079359824289782,0.00969454638444973,0.0003290666289088492,0.0007248775099717509,0.011087621152354402,-0.002080210511946534,-0.07293863446684554,0.6666666666666666,0,0.0018703339414633865
0.5,0.03,0.5,none,-0.0001962492333247073,-9.434724842365937e-06,-5.76958437757467e-05,0.009487365989778592,0.00029401647792618623,-4.607508772519695e-05,0.01223688211269286,-0.0031538919597977676,7.005727844603825,0.7,0,0.0011744472169076718
0.5,0.03,0.5,0.2,-0.0005975070603915243,0.0011778762677908275,-0.0005284986619280595,-0.0021901010868362564,1.954947783036519e-05,-0.0005054113815657001,-0.003203274760753766,-0.002592781027640003,21.254616075839536,0.7,0,0.0005901439463144858
0.5,0.03,0.5,0.3,-0.00018795204835465838,0.000648203303981371,0.00062764094607641,0.009700266495481617,0.00032934041990767283,0.0006445824736191827,0.011020954485687736,-0.002080210511946534,-0.026567575347144157,0.6666666666666666,0,0.0018559334088731592
0.5,0.03,0.8,none,-0.00018910886731948536,-2.2848830035372576e-05,-0.00011775390349747575,0.009483802329969008,0.0002941627816953406,-0.00010677903156171205,0.012170215446026193,-0.002820558626464435,5.267032512692579,0.7,0,0.0011749940681308043
0.5,0.03,0.8,0.2,-0.0006044974778896643,0.001173272396447576,-0.0005551323717892969,-0.002218212095764325,1.7342963589355582e-05,-0.000532471783146125,-0.0031656679231469253,-0.002187083021941998,17.891042861924507,0.7,0,0.0005774464003525895
0.5,0.03,0.8,0.3,-0.0001813536146867563,0.0005275026646840369,0.00058208950958444,0.009694527046929195,0.00032945861571635445,0.0006024633347156306,0.011220954485687737,-0.002080210511946534,-0.1136383057377922,0.6666666666666666,0,0.0017534664733673574
0.5,0.05,0.0,none,-0.0007283637545368896,0.0020630665018467258,-0.0012450103917345738,-0.011579725533062022,-0.00017322425012859119,-0.001214034389244499,-0.014758147310568157,-0.0023651459733728536,32.69850955593866,0.7,0,0.001334702747309836
0.5,0.05,0.0,0.2,-0.0006477258957997895,0.00251429379815762,-0.0006319310622769981,-0.0010800530101707617,1.693167278710757e-05,-0.0006229265119335984,-0.0013749342017357151,-0.002511814340936743,21.839774821981944,0.7666666666666667,0,0.0018750337387513846
0.5,0.05,0.0,0.3,-0.0009208144039940619,0.001068276152630846,-0.0015869514059319945,-0.012402667498522783,-0.00015667815175712845,-0.0015686022702080151,-0.014707236092190984,-0.002599360040503947,38.95868037888625,0.7,0,0.00014746174863678417
0.5,0.05,0.3,none,-0.000732782976998232,0.0019696168938861027,-0.0013354244431589926,-0.011576539859416628,-0.00017358529303982266,-0.0013044484406689175,-0.014758147310568157,-0.0023651459733728536,32.76689979136766,0.7,0,0.0012368339168878709
0.5,0.05,0.3,0.2,-0.0006526518553613984,0.0021846429457572742,-0.0007129215881346667,-0.0010950563447739425,1.6453943368702525e-05,-0.0007039170377912669,-0.0012416008684023815,-0.002511814340936743,21.91453035477316,0.7666666666666667,0,0.0015402180620802271
0.5,0.05,0.3,0.3,-0.0009257907920877513,0.0006345921905802529,-0.0016605808058394122,-0.01240842693353566,-0.00015652821329879672,-0.0016422316701154328,-0.014707236092190984,-0.002599360040503947,39.03652550602177,0.7,0,-0.00029119860150749843
0.5,0.05,0.5,none,-0.0007340467753451857,0.0014502276745947612,-0.0013789781139653232,-0.011523636975175779,-0.00017175157994627716,-0.001348002111475248,-0.014814578845837869,-0.0025053949360284555,34.18400225311052,0.7,0,0.0007161808992495756
0.5,0.05,0.5,0.2,-0.0006533785652748062,0.0021493544454635038,-0.0007627360441788594,-0.0010931821858243078,1.6261873268267993e-05,-0.0007537314938354596,-0.0011082675350690481,-0.002511814340936743,21.92044572510834,0.7333333333333333,0,0.0015041068168228317
0.5,0.05,0.5,0.3,-0.000929127602887831,0.000520919772401088,-0.0017058329247382532,-0.012404523740609245,-0.00015677746262135386,-0.0016874837890142743,-0.014840569425524317,-0.002599360040503947,39.075028480705804,0.7,0,-0.000408207830486743
0.5,0.05,0.8,none,-0.0007378014334930701,0.001577830996904651,-0.0014043155779783602,-0.011611465359415877,-0.00017494438037351002,-0.0013733395754882856,-0.014624813977234825,-0.0021651459733728535,31.86344558802278,0.7,0,0.0008400295634115809
0.5,0.05,0.8,0.2,-0.000637196866578753,0.0023529721235217545,-0.0007624197156317015,-0.0010938132745536696,1.6536502839702496e-05,-0.0007534228289100374,-0.0012416008684023815,-0.0023784810076034097,21.08181193517909,0.7333333333333333,0,0.0017240435083628527
0.5,0.05,0.8,0.3,-0.0009273955405269372,0.00044589259968934823,-0.0017113348905471715,-0.012421855079388774,-0.0001573860326798197,-0.0016929857548231924,-0.014840569425524317,-0.002466026707170614,38.41435607441235,0.7,0,-0.000481502940837589
0.5,0.08,0.0,none,-0.0008346662051003362,-0.000577535714669979,-0.0011621379956977505,-0.012099808939151642,-0.00019412199723917409,-0.0011442741843386305,-0.015207670215197155,-0.0015839636687924015,30.465887881741704,0.7333333333333333,0,-0.0008346662051003362
0.5,0.08,0.0,0.2,-0.0005113890586876916,0.0016919861289854746,-0.0006878218180338555,-0.0011568171022093585,2.0640945762323385e-05,-0.0006845991163334103,0.0014505093201180022,-0.0005315125162571074,10.046926643579111,0.7,0,0.001335968475190745
0.5,0.08,0.0,0.3,-9.102091835418857e-05,0.0018863086099203223,0.00047384334455453974,0.009606982418296559,0.00022568450593710558,0.00047836947068395365,0.015073190118782198,-0.00109258189778718,-7.164317288657185,0.7,0,0.003511122850549697
0.5,0.08,0.3,none,-0.0008390509979201114,-0.0007724941492182766,-0.0011972641862122478,-0.012098433260592147,-0.0001942902339953847,-0.0011794003748531287,-0.015207670215197155,-0.0015839636687924015,30.531974995931765,0.7333333333333333,0,-0.0008390509979201114
0.5,0.08,0.3,0.2,-0.000514559434707606,0.001647166501575759,-0.0007378644575102009,-0.001164123493747719,2.0592571577242312e-05,-0.0007348498564540824,0.0014505093201180022,-0.0005315125162571074,10.103997789265122,0.7,0,0.0012879542846685745
0.5,0.08,0.3,0.3,-9.618477723372891e-05,0.0017015838525911806,0.0003040452530892224,0.009593532433777046,0.00022495592661672296,0.0003085713792186363,0.015073190118782198,-0.0010259152311205132,-7.420097432320472,0.7,0,0.0032869103263877602
0.5,0.08,0.5,none,-0.0008439235044864375,-0.0009374621017416276,-0.0012401968092534256,-0.012091187919251657,-0.00019430909987301406,-0.0012223329978943058,-0.015274336881863823,-0.0015839636687924015,30.58654185172248,0.7333333333333333,0,-0.0008439235044864375
0.5,0.08,0.5,0.2,-0.0005132596705818896,0.0016894355974352076,-0.0007616229324126642,-0.0011594070041221094,2.0434775336074675e-05,-0.0007586083313565457,0.0013838426534513355,-0.0005315125162571074,10.088756682975994,0.7,0,0.0013247775798664889
0.5,0.08,0.5,0.3,-9.628001568762028e-05,0.0017853830815889144,0.00024098173013214184,0.009605198707738112,0.00022474512709374727,0.00024550785626155575,0.015073190118782198,-0.0010259152311205132,-7.419532888603863,0.7,0,0.0033578962125786985
0.5,0.08,0.8,none,-0.0008384246087836812,-0.0010657523412439484,-0.0012558745009341832,-0.012096651442995416,-0.0001944100541394874,-0.0012380106895750636,-0.015207670215197155,-0.0015172970021257348,30.185838491271717,0.7333333333333333,0,-0.0008384246087836812
0.5,0.08,0.8,0.2,-0.000500725423578208,0.0015423531348620534,-0.0007576177610207881,-0.0011375039585140043,2.0982366357012957e-05,-0.0007543218012036294,0.0014505093201180022,-0.00046484584959044067,9.606024573002166,0.7,0,0.0011971698264741522
0.5,0.08,0.8,0.3,-8.323849145082413e-05,0.0017662306740367354,0.00023071561983499267,0.009628526189577219,0.00022475392091752882,0.0002352417459644066,0.015006523452115532,-0.0008925818977871797,-8.244231538509485,0.7,0,0.0033430698374491102
0.5,0.12,0.0,none,-0.0005204666485746384,0.00030116348564945486,-0.0007279399188233132,-0.0009795839860881857,-1.806300617286334e-05,-0.0007222591615492607,0.001814218471771308,-0.0014192836348824595,19.52923059388219,0.7666666666666667,0,-3.7881315748052675e-05
0.5,0.12,0.0,0.2,-0.000808020127161516,0.001115587296352336,-0.0009413759642540921,-0.00816502631041177,-0.00019146824555692885,-0.0009487444321094595,-0.010929629029822701,-0.00021219734123284484,32.399863814244355,0.6666666666666666,0,0.00030756716919082
0.5,0.12,0.0,0.3,-0.0008910366873328886,-3.686399753005647e-05,-0.0015526783472002577,-0.009648581950830615,-0.00019648777192180124,-0.0015591013160994665,-0.013931398431012544,-0.0007710660804524401,33.49305924231109,0.6666666666666666,0,-0.0008910366873328886
0.5,0.12,0.3,none,-0.0005239914829324026,0.0001443434393357904,-0.0008689710260486864,-0.0009813836937884143,-1.847368609181775e-05,-0.0008632902687746338,0.0017475518051046413,-0.0014192836348824595,19.581995212558347,0.7666666666666667,0,-0.00020489286308614807
0.5,0.12,0.3,0.2,-0.000810916697617374,0.001033248457763088,-0.0009918694843967745,-0.008174695588875009,-0.00019177422266949308,-0.000999237952252142,-0.010862962363156035,-0.00021219734123284484,32.4471316583377,0.7,0,0.00022233176014571393
0.5,0.12,0.3,0.3,-0.0008931855888806913,-6.012667593390944e-05,-0.0016123985621189422,-0.009656405017053163,-0.00019684429220335732,-0.0016188215310181512,-0.013931398431012544,-0.0007710660804524401,33.53849171615438,0.6666666666666666,0,-0.0008931855888806913
0.5,0.12,0.5,none,-0.0005246990253935032,0.00012080992223429647,-0.000935693530824309,-0.0009764065866418851,-1.8718672582290995e-05,-0.0009300127735502564,0.0017475518051046413,-0.0014192836348824595,19.58493380791042,0.7666666666666667,0,-0.00022913392264874255
0.5,0.12,0.5,0.2,-0.0008086859053899289,0.0010436522428486476,-0.0010114580098980282,-0.008171800563963744,-0.0001921583269970037,-0.0010188264777533957,-0.010796295696489369,-0.00021219734123284484,32.41596301116515,0.7,0,0.0002349663374587187
0.5,0.12,0.5,0.3,-0.0008918096743309374,-0.00017071115165792522,-0.0016174332109784148,-0.009661195005308099,-0.0001970619348104385,-0.0016238561798776238,-0.013931398431012544,-0.0007710660804524401,33.52708114122894,0.6666666666666666,0,-0.0008918096743309374
0.5,0.12,0.8,none,-0.0005176722980719125,8.639234873186218e-05,-0.000953666830982789,-0.0009900542398595946,-1.951374501860618e-05,-0.0009479860737087365,0.0017475518051046377,-0.0014192836348824595,19.507714416234133,0.7666666666666667,0,-0.00025652476882958653
0.5,0.12,0.8,0.2,-0.0007978311049743309,0.0007176222713693199,-0.0010024417213854576,-0.008169020847163564,-0.00019205414579078378,-0.0010098101892408251,-0.010929629029822701,-0.00014553067456617822,31.935990590346044,0.6666666666666666,0,-8.020883360501099e-05
0.5,0.12,0.8,0.3,-0.0008775165151893343,-0.00022976833418862915,-0.0016080520917417353,-0.009660147575039368,-0.00019659748016828462,-0.0016144750606409443,-0.013931398431012544,-0.0006377327471191069,32.686723252614804,0.6666666666666666,0,-0.0008775165151893343
0.75,0.03,0.0,none,-0.0007052710220390361,0.004384979018269638,-0.0009109020002650379,0.006940775525499393,0.0001713512599651993,-0.0008934014200324548,0.010939188546105956,-0.0026702783683955475,7.623767843419531,0.7333333333333333,0,0.004859302480823798
0.75,0.03,0.0,0.2,-0.0011957978749543856,0.0025121041588831113,-0.0006289624841985708,-0.011038866343862926,-7.90111099289634e-05,-0.0006120967488307726,-0.01502895199196731,-0.002493668310142613,37.888291359925645,0.7333333333333333,0,0.0013163062839287257
0.75,0.03,0.0,0.3,-0.00045835304347614276,0.002973810619605109,7.984077388429497e-05,0.010539256609318141,0.0002284887302830502,0.00010101286499046684,0.013886501951235216,-0.0026297076614436835,5.904352276512267,0.7,0,0.0040385547093921064
0.75,0.03,0.3,none,-0.0007108762566911923,0.0031073940087478886,-0.0010204520231098901,0.006874658760179964,0.00016936501664154322,-0.001002951442877307,0.010919953248343047,-0.002869733037788867,9.472057493353107,0.7333333333333333,0,0.0035731955852117726
0.75,0.03,0.3,0.2,-0.0012073107146417135,0.002164419901324041,-0.0009412556534271767,-0.011051006669144695,-8.06490921499243e-05,-0.0009211206491432795,-0.014895618658633978,-0.002493668310142613,38.060195455063756,0.7333333333333333,0,0.0009571091866823274
0.75,0.03,0.3,0.3,-0.000474883967347233,0.002615240371039418,-0.00019347279230809699,0.010529204690348456,0.00022749305178816355,-0.00017230070120192523,0.013953168617901883,-0.0026297076614436835,6.134411223841986,0.7,0,0.0036494197913764554
0.75,0.03,0.5,none,-0.0007185621954207712,0.0030045414400447414,-0.0011802429028256063,0.006882626445206952,0.0001692936565214529,-0.001162742322593023,0.010986619915009713,-0.0028023929704487998,9.254819670455374,0.7333333333333333,0,0.003469288064385668
0.75,0.03,0.5,0.2,-0.0012113017448225779,0.0021336162447951556,-0.0010796974790810323,-0.011058328182307372,-8.108811266455815e-05,-0.0010628317437132342,-0.014895618658633978,-0.002493668310142613,38.105541110333675,0.7333333333333333,0,0.0009223144999725777
0.75,0.03,0.5,0.3,-0.0004861847237884361,0.0025647730858419076,-0.0004302425113540207,0.010503156272206339,0.0002266911287591846,-0.00040907042024784893,0.013886501951235216,-0.0026297076614436835,6.267711932014208,0.7,0,0.0035805841215565855
0.75,0.03,0.8,none,-0.0007099384297162072,0.0030605254309304776,-0.0012517089671512803,0.006939021328430707,0.00017044887405723313,-0.0012342083869186975,0.011119953248343048,-0.0026690596371154664,8.515809562130986,0.7333333333333333,0,0.0035478067630771914
0.75,0.03,0.8,0.2,-0.0011939112714679054,0.0022491391138412115,-0.0011155420939280892,-0.011038454007560674,-8.091176213305852e-05,-0.001098676358560291,-0.014962285325300645,-0.0024270016434759464,37.571425518129644,0.7333333333333333,0,0.001055227842373306
0.75,0.03,0.8,0.3,-0.0004819347760874009,0.0022263314547562654,-0.0004903373134076546,0.010476986140508005,0.0002256285264833331,-0.00046916522230148284,0.013953168617901883,-0.00249637432811035,5.549405587639194,0.7,0,0.0032525278037007195
0.75,0.05,0.0,none,-0.0003620554402170355,0.003380862381566409,0.00014976752815806446,0.008028683812306234,0.00020495431293622566,0.0001592760348760763,0.013776981650552796,-0.0025045500448406255,4.401237955289738,0.7333333333333333,0,0.004530837469847981
0.75,0.05,0.0,0.2,-0.0007900130127756716,0.0006469631935871065,-0.0007548277180981916,-0.0005452630431352301,-9.242573452835843e-06,-0.0007554454347088055,-0.001649505187010732,-0.0018111832983919575,19.093564461431622,0.7333333333333333,0,-0.0001430498191885651
0.75,0.05,0.0,0.3,-0.0012326727262320046,0.0020723376197214036,-0.0012126113799511612,-0.013051380323485833,-0.00013705597682194594,-0.0012004957033730688,-0.018698435560042435,-0.001960334976809279,35.69438435750393,0.7,0,0.000839664893489399
0.75,0.05,0.3,none,-0.0003723474667202248,0.002898599607488898,-5.725085471084019e-05,0.008007314363458223,0.0002041614170455606,-4.774234799282846e-05,0.01371031498388613,-0.0025045500448406255,4.5753240470813274,0.7333333333333333,0,0.003999364347680067
0.75,0.05,0.3,0.2,-0.0007981211309339426,0.00026852864825454247,-0.0008731630265111016,-0.0005638040112833087,-1.0074012376411259e-05,-0.0008737807431217153,-0.001649505187010732,-0.0017445166317252908,18.900968088407534,0.7333333333333333,0,-0.0005295924826794001
0.75,0.05,0.3,0.3,-0.001244165024904944,0.0014571292883492635,-0.0014194923902707442,-0.013071223832383582,-0.0001383327217791391,-0.0014073767136926517,-0.018765102226709105,-0.0018936683101426122,35.54470247388817,0.7333333333333333,0,0.00021296426344431948
0.75,0.05,0.5,none,-0.00038378759173192243,0.0025537612905192028,-0.000233053830590221,0.007991831393660892,0.00020357070512890313,-0.00022354532387220926,0.013843648317219463,-0.0025045500448406255,4.721766216529067,0.7333333333333333,0,0.0036561238830736783
0.75,0.05,0.5,0.2,-0.0007955429628133208,-0.000216497342627233,-0.0009666371041719382,-0.0005323347485529928,-9.414750872151992e-06,-0.0009672548207825522,-0.0016293115493897115,-0.0018180989277142257,19.929202214826365,0.7333333333333333,0,-0.0007955429628133208
0.75,0.05,0.5,0.3,-0.0012522718469486032,0.001253529523160296,-0.001587659967361641,-0.013092613482334058,-0.00013945300697079194,-0.0015755442907835488,-0.01863176889337577,-0.001960334976809279,35.98298012985227,0.7333333333333333,0,1.257676211692928e-06
0.75,0.05,0.8,none,-0.00037032808285287073,0.0024384359793397227,-0.0003322627816086211,0.007960373246405935,0.00020414596981335514,-0.0003227104003849227,0.013823391489583363,-0.0025354417069856786,5.120838923849321,0.7333333333333333,0,0.0035525200303518655
0.75,0.05,0.8,0.2,-0.0007663307203021757,-0.00013607070546368296,-0.0010164187358590619,-0.0005705606467951522,-1.0327539634583278e-05,-0.001017036452469676,-0.001910793030871194,-0.0022146801242954226,23.042509312815188,0.7333333333333333,0,-0.0007663307203021757
0.75,0.05,0.8,0.3,-0.001234115245429901,0.0012364885373088322,-0.0016376047123231661,-0.013115885911510946,-0.00014033052937135082,-0.001623382473408114,-0.01890650793304174,-0.0021972173706854095,37.98781060127852,0.7,0,2.3732918789311393e-06
0.75,0.08,0.0,none,-0.0009110150028618747,0.0019523112292174516,-0.0012652396995532457,-0.010753475834620174,-0.00018110555683710245,-0.0012462718052176744,-0.013281108100424223,-0.002318044227910601,35.36227832935207,0.7,0,0.0010412962263555768
0.75,0.08,0.0,0.2,-0.001057261205289953,0.00082718254523587,-0.0006145953999169092,-0.008797565131738688,-9.079035668384169e-05,-0.0006086587245028201,-0.013818683093605006,-0.0002811116091212687,38.50904561496573,0.7333333333333333,0,-0.0002300786600540831
0.75,0.08,0.0,0.3,-0.0008252747635870136,0.00037560036834657624,-0.0007258055318502203,-0.0009389578814767652,-1.643117484283526e-05,-0.0007158423511109644,-0.0024029465071187268,-0.002503919974461967,25.464238243639315,0.6333333333333333,0,-0.00044967439524043733
0.75,0.08,0.3,none,-0.0009191421407845643,0.0013841234001105173,-0.0013941051423432302,-0.010766278710035606,-0.00018228568874199187,-0.001375137248007659,-0.013281108100424223,-0.002318044227910601,35.494337265771655,0.7,0,0.000464981259325953
0.75,0.08,0.3,0.2,-0.0010616224064820998,0.0004866676257659764,-0.000686112753873158,-0.008811216278251963,-9.102842687254408e-05,-0.000680176078459069,-0.013818683093605006,-0.0002811116091212687,38.6049100358466,0.7333333333333333,0,-0.0005749547807161234
0.75,0.08,0.3,0.3,-0.000834823644340731,0.00016403852765296413,-0.0008958300720481982,-0.0009510073494159166,-1.724515308387942e-05,-0.0008858668913089423,-0.0024029465071187268,-0.002503919974461967,25.61415712069332,0.6333333333333333,0,-0.0006707851166877669
0.75,0.08,0.5,none,-0.0009230668877862415,0.0012515855923916947,-0.0014810061354175853,-0.010762055417127691,-0.0001822696962762567,-0.0014620382410820139,-0.013281108100424223,-0.0022513775612439343,35.20977284953697,0.6666666666666666,0,0.00032851870460545317
0.75,0.08,0.5,0.2,-0.001053285690971108,6.71743558009564e-05,-0.000749728558280412,-0.008808897938061508,-9.105246778769157e-05,-0.000743791882866323,-0.013805614392696784,-0.0005773607641133916,41.16330827646501,0.7333333333333333,0,-0.0009861113351701516
0.75,0.08,0.5,0.3,-0.0008431145808233262,7.487310074511666e-05,-0.0009925070162016955,-0.0009876356298662292,-1.8160258123646757e-05,-0.0009812658140561877,-0.0024029465071187268,-0.002703919974461967,26.726397116664643,0.6333333333333333,0,-0.0007682414800782096
0.75,0.08,0.8,none,-0.0009177804387091002,0.0010182498087581665,-0.0015196561639955893,-0.010745006775048959,-0.00018210484167184153,-0.0015006882696600179,-0.013081108100424224,-0.0022513775612439343,35.15928951938404,0.6666666666666666,0,0.00010046937004906632
0.75,0.08,0.8,0.2,-0.0010338316468039412,0.00053987010467413,-0.0007374617404688194,-0.008837854112375611,-9.275385454946012e-05,-0.0007311618605719131,-0.013823318403761787,-0.00036795550823510656,39.23519268418895,0.7,0,-0.0004939615421298112
0.75,0.08,0.8,0.3,-0.0008272158780814056,-0.00013106773005161382,-0.0010116938725659777,-0.0010171470390050396,-1.9021053542322512e-05,-0.0010017360543304512,-0.002602946507118727,-0.002703919974461967,26.52205087445909,0.6333333333333333,0,-0.0008272158780814056
0.75,0.12,0.0,none,-0.0007422749628439145,0.0012544955022471829,-0.0004538519263810995,-0.0016134716743915923,3.47881847224641e-05,-0.0004480933493016707,-0.002814832590832076,-0.0018516535589620342,18.095320270377368,0.7,0,0.0005296146317645004
0.75,0.12,0.0,0.2,-0.0003023389491727701,0.0021242349016674603,0.0001773081965887256,0.004796640120982831,9.512027774767779e-05,0.00018339076520623292,0.010786107440973523,-0.002030224440328585,-2.4171577507009108,0.7,0,0.0029847449885071283
0.75,0.12,0.0,0.3,-0.0007819703499054114,0.0009519397161592657,-0.0007069231025491978,-4.970994097812098e-05,-1.7141681015053497e-05,-0.0007036111506355731,-0.000865402624241161,-0.0018992696994186626,22.959103029295026,0.7,0,0.00016996936625385435
0.75,0.12,0.3,none,-0.0007496224700714852,0.0007739282770883815,-0.0006085432069279935,-0.0016251362421503158,3.348029637644931e-05,-0.0006027846298485647,-0.002814832590832076,-0.0018516535589620342,18.220419296913313,0.7,0,4.104595520512096e-05
0.75,0.12,0.3,0.2,-0.0003050690846151805,0.0017456125313136627,7.930767888714765e-05,0.00477698827426627,9.433573949270401e-05,8.53902475046552e-05,0.010786107440973523,-0.002030224440328585,-2.3456091304620106,0.7,0,0.0025834001100431174
0.75,0.12,0.3,0.3,-0.0007872828284561646,0.0006965192614737726,-0.0008753514744004792,-6.448081147664893e-05,-1.806729312629395e-05,-0.0008720395224868545,-0.000865402624241161,-0.0018992696994186626,23.062913719265875,0.7,0,-9.076356698239202e-05
0.75,0.12,0.5,none,-0.0007514946224053413,0.0007000652146487662,-0.0006905929345269567,-0.0016265967272860486,3.339486146761714e-05,-0.0006848343574475279,-0.0028814992574987394,-0.0018516535589620342,18.24952485776739,0.7,0,-3.473197702276643e-05
0.75,0.12,0.5,0.2,-0.000297929364170419,0.0016284700691859228,1.4922807870556761e-05,0.00471976603451462,9.410173318424922e-05,2.1005376488064316e-05,0.010775112312233092,-0.0023337735008713816,0.10782526625941197,0.7,0,0.0024593038781285503
0.75,0.12,0.5,0.3,-0.0007872392734048406,0.00048058442438520395,-0.0009552409579374863,-7.501626926862034e-05,-1.882756934948789e-05,-0.0009519290060238615,-0.0009320692909078277,-0.0018992696994186626,23.088321811903732,0.7,0,-0.0003066548490196366
0.75,0.12,0.8,none,-0.0007434700905036958,0.0005785740928637915,-0.0007054633789691262,-0.0016182705399940156,3.4497662352272135e-05,-0.0006997048018896973,-0.0028814992574987394,-0.0018516535589620342,18.18890174581902,0.7,0,-0.0001476471664637682
0.75,0.12,0.8,0.2,-0.0002705047225402155,0.0017762199806385548,0.0001399352276256832,0.004749097430988223,9.39504743018364e-05,0.0001460330099652206,0.010641778978899757,-0.0023337735008713816,-0.18993968088179827,0.7,0,0.0026460749951322774
0.75,0.12,0.8,0.3,-0.0007639442028466397,0.0007446096529251101,-0.0009697829686200976,-6.65955513635704e-05,-1.8308833913986572e-05,-0.0009664710167064729,-0.0009320692909078277,-0.0018326030327519957,22.47003567412418,0.7,0,-1.933454992152962e-05
1.0,0.03,0.0,none,-0.0009026233729811773,0.0031349798794389353,-0.0008714330178317065,0.0103060123901843,0.00020745771390506468,-0.0008466569489918888,0.01620060464495574,-0.0032503049928690408,11.394042019123056,0.7,0,0.003956145827905865
1.0,0.03,0.0,0.2,-0.0013127601655323784,-0.0009686399341691855,-0.00021157901943387136,-0.012398534753029634,-0.00011231967144724487,-0.00020102351644503785,-0.018175721720412135,-0.002784309370297275,45.28558544937211,0.7,0,-0.0013127601655323784
1.0,0.03,0.0,0.3,-0.0007496976991359081,0.0017801786926847705,0.00011392136959122086,0.009065475559292106,0.00026339703199834377,0.00012764151135590817,0.012237807702540963,-0.0030959220912944773,10.31606851395918,0.7333333333333333,0,0.002411488582073312
1.0,0.03,0.3,none,-0.0009145473249768093,0.0026153638460196782,-0.0010273972088203586,0.010322242877864556,0.00020646374364705864,-0.0010026211399805408,0.016187511792584326,-0.003245762574699369,11.699557386598705,0.7,0,0.003422799572124831
1.0,0.03,0.3,0.2,-0.0013237531716815494,-0.000839736936571274,-0.0004647065474098964,-0.012404581062562575,-0.00011327351164443077,-0.0004541510444210629,-0.01810905505374547,-0.002784309370297275,45.49071918289798,0.7,0,-0.0013237531716815494
1.0,0.03,0.3,0.3,-0.0007654980058131957,0.0012377565637979899,-0.00023348928126683705,0.009045711273311078,0.0002620400895747902,-0.00021976913950214974,0.012304474369207629,-0.0030959220912944773,10.595399228627018,0.7333333333333333,0,0.0018337260396929522
1.0,0.03,0.5,none,-0.0009305762983863729,0.0023767550410253723,-0.0012055225086898538,0.010293881785263978,0.0002068320584094567,-0.0011807464398500358,0.016196499903271377,-0.003183638326202374,11.610070237777352,0.7,0,0.0031692447621708654
1.0,0.03,0.5,0.2,-0.0013283039003156734,-0.0006663217809609691,-0.0006069139842638002,-0.012439195342398592,-0.00011415379924641358,-0.0005963584812749667,-0.0180423883870788,-0.002784309370297275,45.571999202032266,0.7,0,-0.0013283039003156734
1.0,0.03,0.5,0.3,-0.0007739365222726533,0.0011419933075390008,-0.0004593718564703165,0.0090465281103031,0.00026176601187916066,-0.000443117969719052,0.012437807702540963,-0.0030959220912944773,10.712814613078566,0.7333333333333333,0,0.0017427205614600244
1.0,0.03,0.8,none,-0.000932762233938331,0.0025323273564777818,-0.0013022973982538483,0.010225618642738509,0.0002037613881066488,-0.001277521329414031,0.016231360108619464,-0.0029068678012343038,8.951468439163484,0.7,0,0.0033245818274547216
1.0,0.03,0.8,0.2,-0.00130764448223429,-0.0006562531586098954,-0.0006315724489653081,-0.012472668786847028,-0.0001148248638144747,-0.0006180278165255473,-0.0182423883870788,-0.0025843093702972745,44.35453944595841,0.7,0,-0.00130764448223429
1.0,0.03,0.8,0.3,-0.0007545935188012377,0.001119001304110829,-0.0005483681835285512,0.008964292937968566,0.00025971858490647165,-0.0005346480417638639,0.012359007429875658,-0.00291909864207839,10.131963012076449,0.7333333333333333,0,0.0017301678207503931
1.0,0.05,0.0,none,-0.000648921698389424,0.0016796001022015051,0.0003652399265777031,0.009906095024765044,0.00021522119734685195,0.0003802227716179495,0.013445982452978995,-0.003329193402037969,11.895090987040506,0.7,0,0.0025589318021069967
1.0,0.05,0.0,0.2,-0.00010457079830313125,0.0011666526051747719,0.0012918054124582549,0.016054809267495373,0.0003232974500371487,0.001292040080448684,0.02462741273381325,-0.0021263897484769885,-19.41504490931596,0.6333333333333333,0,0.003944879821361278
1.0,0.05,0.0,0.3,-0.001370512796412915,0.002079840629532671,-0.0007739167183829686,-0.012398485304528984,-0.0001530617926549935,-0.0007630722678617427,-0.014554679193732859,-0.0027119246382110497,41.225622610918556,0.7333333333333333,0,0.0007093278331197562
1.0,0.05,0.3,none,-0.0006626329603048218,0.0009316662323484964,0.00020259208242978273,0.00990048511021605,0.00021497825463507057,0.00021757492747002892,0.013445982452978995,-0.003329193402037969,12.150772220210637,0.7,0,0.0017646356301531153
1.0,0.05,0.3,0.2,-0.00011485311272916629,0.0008636902525240135,0.0010346250572296105,0.016029759691868723,0.0003215969450521426,0.0010348597252200396,0.024694079400479917,-0.0021263897484769885,-19.207953913141196,0.6333333333333333,0,0.0035860154974129183
1.0,0.05,0.3,0.3,-0.0013867212802553008,0.001194769571829617,-0.0010433121746639211,-0.012430376227866424,-0.00015517363226362832,-0.0010324677241426953,-0.014554679193732859,-0.0027119246382110497,41.508940165288124,0.7333333333333333,0,-0.00019195170842568388
1.0,0.05,0.5,none,-0.0006775724369144167,0.0008256861681489653,5.094029715215671e-05,0.00989188621860811,0.00021408945139950582,6.592314219240313e-05,0.013312649119645662,-0.003395860068704636,12.707183722783036,0.7,0,0.0015996079973373484
1.0,0.05,0.5,0.2,-0.00011559483622505471,0.002048848914630345,0.0008961085283479357,0.01600717248335948,0.0003206813822350116,0.0008963431963383647,0.024636840343240866,-0.0021479385700258103,-19.26683306269115,0.6333333333333333,0,0.004736547443114556
1.0,0.05,0.5,0.3,-0.0013922236097879093,0.0009522295896924111,-0.0011981034592545214,-0.012431486776589193,-0.00015541957080775272,-0.0011872590087332955,-0.014288012527066192,-0.0025785913048777163,40.93136942416119,0.7333333333333333,0,-0.00043999402009549827
1.0,0.05,0.8,none,-0.0006749488915219873,0.0015044477998560864,-5.5179894713145695e-05,0.00987912698734033,0.00021369789480930578,-4.019704967289928e-05,0.013300375307371852,-0.003128993201837769,10.62161206410965,0.7,0,0.0022663853864759373
1.0,0.05,0.8,0.2,-9.406457855416662e-05,0.0022661468542056248,0.0008244199756449599,0.01596329663118086,0.0003187446014766716,0.0008246546436353889,0.0249703072771086,-0.0020812719033591436,-19.80902799433485,0.6333333333333333,0,0.004993416232827732
1.0,0.05,0.8,0.3,-0.0013701794467006617,0.0004791691997079225,-0.001215413769845417,-0.012388146420745354,-0.00015459406871354996,-0.0012045693193241912,-0.01434693368889192,-0.0027188402675333177,42.07737114117481,0.7333333333333333,0,-0.0008910102469927392
1.0,0.08,0.0,none,-0.0006525822080548494,0.0024746573664751145,0.0005309878822332135,0.008977002587209564,0.00026033332700976916,0.0005429671434701724,0.012230382095115351,-0.0029872630189990415,8.682986991320892,0.7333333333333333,0,0.0032838734601307196
1.0,0.08,0.0,0.2,-0.00043335977776141947,0.0016627376193218046,0.0007032736652654247,0.005430483019725913,0.0001995807354562886,0.0007062011445026184,0.00986813149783005,-0.0016138349447134743,-2.6129075569605145,0.6333333333333333,0,0.002457221587972058
1.0,0.08,0.0,0.3,-0.0007741236271527446,0.0026413307368694174,0.0006891761173273677,0.0021578392288207943,6.126731473180249e-05,0.0006905662685734264,0.0013409937155630474,-0.0009620188593286521,18.90451601310245,0.6666666666666666,0,0.002170053392353564
1.0,0.08,0.3,none,-0.0006653410657664644,0.0017342998168015766,0.0004059733161668357,0.008968869050560683,0.0002610081406765501,0.0004172000066124898,0.012230382095115351,-0.0029205963523323748,8.583134717583501,0.7333333333333333,0,0.0025059410322074206
1.0,0.08,0.3,0.2,-0.00044106554165874664,0.001039835833078608,0.0005298475226774186,0.0054189118371342415,0.0001981368509142487,0.0005327750019146122,0.009934798164496716,-0.0015471682780468078,-2.764511708872548,0.6333333333333333,0,0.0017978735337095802
1.0,0.08,0.3,0.3,-0.0007859880320287108,0.002191410123746212,0.00038989681008193023,0.0021264021774100974,5.9448216341742864e-05,0.000391286961327989,0.001474327048896377,-0.0009620188593286521,19.127188921545166,0.6666666666666666,0,0.0016608362970436082
1.0,0.08,0.5,none,-0.0006806468814005451,0.001420106506682052,0.00020618251470400155,0.008960293149883943,0.00026019350303542666,0.00021526505014765225,0.012297048761782019,-0.0029872630189990415,9.118602914576574,0.7333333333333333,0,0.0021423142630069524
1.0,0.08,0.5,0.2,-0.0004368993735777492,0.0009555173802889956,0.00043982601434177103,0.0053923142135097486,0.00019677618118383455,0.00044275349357896475,0.010134798164496717,-0.001480501611380141,-3.115694106017084,0.6333333333333333,0,0.0017190366124686285
1.0,0.08,0.5,0.3,-0.0007866205073100558,0.0022373707063711164,0.00023268561658118306,0.0021063195135355315,5.8708387518054125e-05,0.00023407576782724185,0.0015409937155630438,-0.0008286855259953188,18.49025543575408,0.6666666666666666,0,0.0016810189179418404
1.0,0.08,0.8,none,-0.0006745512101851713,0.001205497484882243,0.00010336726107261981,0.008949732267699236,0.00025936809315964477,0.00011243015650514824,0.012097048761782019,-0.003053929685665708,9.410853174480144,0.7333333333333333,0,0.0018928212287561254
1.0,0.08,0.8,0.2,-0.0004082936969213096,0.0009122951193395508,0.00045575592480261287,0.005357382683730019,0.00019632948195842363,0.0004557091959709474,0.009723803035756285,-0.0015811279161818106,-1.8909316960916234,0.6333333333333333,0,0.001665688306167271
1.0,0.08,0.8,0.3,-0.0007705609196683887,0.0029717733315698896,0.00016775990934764045,0.002038467944380397,5.610089796755641e-05,0.00016916230516432728,0.0016076603822297105,-0.0007620188593286523,18.03237220037651,0.6666666666666666,0,0.0024238613601411155
1.0,0.12,0.0,none,-0.001102040973950832,0.001532937949491702,-0.0002442015214357037,-0.012190720976941995,-0.000142376520042777,-0.00022962555662120256,-0.012543010664319029,-0.0023387861552604584,35.91794916285047,0.7333333333333333,0,0.00043089697554086993
1.0,0.12,0.0,0.2,-0.000509196103928878,0.003629804704453903,0.00023920220025965463,0.006529691199215581,0.00011582041264976555,0.00023804631964128992,0.012878332361195463,-0.0018419241550811651,-3.687004994577728,0.6333333333333333,0,0.0045139613068977125
1.0,0.12,0.0,0.3,-0.0006078115022305351,0.0014581928832141785,0.0002656778698279411,-0.0013913859631920489,-1.6483376895436133e-05,0.0002673851025115504,-0.0026334183770064285,-0.0019098510176396544,23.324138948558055,0.6666666666666666,0,0.0009038584014859534
1.0,0.12,0.3,none,-0.0011114191726956633,0.001034055761097681,-0.00039674451381699664,-0.012199867662865044,-0.00014266195660658955,-0.00038216854900249554,-0.012543010664319029,-0.0023387861552604584,36.09389329843689,0.7333333333333333,0,-7.736341159798226e-05
1.0,0.12,0.3,0.2,-0.000513471152942717,0.0032655658580452366,8.788933125974454e-05,0.006511666396477426,0.00011474161480318623,8.673345064138029e-05,0.012944999027862131,-0.0018419241550811651,-3.5673729246870303,0.6333333333333333,0,0.004121312105418603
1.0,0.12,0.3,0.3,-0.0006192769200646127,0.0009289702901696519,-1.6878672855458765e-05,-0.001412876885180884,-1.835701607295715e-05,-1.5171440171849713e-05,-0.0026334183770064285,-0.0019098510176396544,23.536328019065937,0.6666666666666666,0,0.00030969337010503916
1.0,0.12,0.5,none,-0.0011164104466285384,0.0009849538880042663,-0.0005248798656928387,-0.012189273848043686,-0.00014258864055829217,-0.0005103039008783376,-0.012676343997652361,-0.0022721194885937913,35.83031217088767,0.7333333333333333,0,-0.00013145655862427212
1.0,0.12,0.5,0.2,-0.0005058771417301584,0.00314478477851409,1.810219140096295e-05,0.0065173562406175,0.00011406765854914512,1.6946310782598705e-05,0.012878332361195463,-0.0018419241550811651,-3.6305823466197276,0.6333333333333333,0,0.00398716396433457
1.0,0.12,0.5,0.3,-0.0006189131742263099,0.0009130345563737326,-0.00012409176504086215,-0.00143714068587558,-1.939769693461354e-05,-0.000122384532357253,-0.0025667517103397613,-0.0019098510176396544,23.558763321042836,0.6666666666666666,0,0.0002941213821474227
1.0,0.12,0.8,none,-0.0011034244747489402,0.002266474485207573,-0.0005629898935104594,-0.012206005337017017,-0.0001427803073743704,-0.0005484139286959582,-0.012681507673379711,-0.0023334734597598716,36.79594624910969,0.7333333333333333,0,0.0011630500104586328
1.0,0.12,0.8,0.2,-0.00047068086193827966,0.0029532022397565695,2.378361073476209e-05,0.006455784384114445,0.000111190999948602,2.2582480958601692e-05,0.013005530725203641,-0.00172426907668989,-4.0824455141788345,0.6333333333333333,0,0.0038431864465046754
1.0,0.12,0.8,0.3,-0.0005953584851368821,0.0008329463466701984,-0.00011913550690172055,-0.0014878005129250378,-2.119392728988078e-05,-0.0001174282742181114,-0.0025667517103397613,-0.0016431843509729877,21.97355637108364,0.6666666666666666,0,0.0002375878615333163
