t,des_x,des_y,des_z,des_roll,des_pitch,act_x,act_y,act_z,act_roll,act_pitch,err_x,err_y,err_z,err_roll,err_pitch,tau1,tau2,tau3,tau4,q1,q2,q3,q4,dq1,dq2,dq3,dq4
0.0,-0.35,0.15,-0.2,-1.5707963267948966,0.0,0.5189453674391182,-0.21666354870797,0.290764340837972,3.1337001621373983,0.7083387243803916,-0.8690696937633916,0.36672531714364753,-0.49068611275225477,1.5786956027588328,-0.709294255122098,-30.11488027800114,-2057.979459374489,-661.2221504722614,2150.0349005638973,0.40487724708617273,-1.9255575235139635,-0.41551627654461554,0.8016922838590577,-0.02908856619484187,-0.2152551291648688,-0.12384864537516942,2.001947077349584
0.001,-0.3499999920239808,0.14999996570311744,-0.2,-1.5707963267948966,0.0,0.5185721715456946,-0.21647817355814153,0.2909982495122153,3.133720384292898,0.7054754999202433,-0.8689453672036979,0.3666635176827123,-0.49076433582885015,1.5786888186804244,-0.7083387908129475,-19.872562053619358,-2165.598417177255,-565.5365371357193,2094.6194529112267,0.40483360190791684,-1.925880442927713,-0.4157031091106195,0.8046921458373362,-0.05821001625358972,-0.43060848204090146,-0.2505219849783729,3.9957442315162055
0.002,-0.34999993638338556,0.14999972644855808,-0.2,-1.5707963267948966,0.0,0.5179490563690232,-0.21616914518331953,0.29138557980107355,3.133753671586383,0.7007121792963791,-0.8685720613168726,0.3664778822214484,-0.49099824691530164,1.5786685935058244,-0.7054751130210213,-9.636662606042202,-2272.8931944163446,-470.53214957288105,2040.5007908778466,0.40476133664974234,-1.9264188208390913,-0.41601923723648193,0.8096783236700511,-0.0863339095029644,-0.6461903369116855,-0.38290655243746574,5.973253817562618
0.003,-0.3499997859393344,0.1499990795391379,-0.2,-1.5707963267948966,0.0,0.5170714098005762,-0.21574375275985563,0.29192257824589574,3.1337994112194854,0.694062766090803,-0.8679487417995229,0.36616818601861734,-0.4913855786097589,1.5786353033217875,-0.7007113458810705,0.2363824318945124,-2379.0563895004325,-376.5881095687283,1987.6824646945104,0.4046753617755678,-1.92717328055936,-0.4164727370121614,0.8166293496800144,-0.08562216511190841,-0.8627930745423409,-0.5257257729440602,7.9241668046405325
0.004,-0.34999949412433917,0.14999782473465856,-0.2,-1.5707963267948966,0.0,0.5159340080895329,-0.21520938898318132,0.29260404149747726,3.1338567812214455,0.6855463029611807,-0.8670707519934361,0.36574151593801385,-0.4919225766107085,1.5785895610345024,-0.6940615024489487,1.0137928168793988,-2483.333061049443,-284.0706152954526,1936.1243302251203,0.40459121953244986,-1.9281445853414327,-0.41707448906951294,0.8255160569241218,-0.08266775103392887,-1.0799037385831491,-0.6798626167238074,9.843401721281811
0.005,-0.34999901494,0.14999576424199998,-0.2,-1.5707963267948966,0.0,0.5145342318938472,-0.2145658729265206,0.2934233626122756,3.1339247849080722,0.675185905151522,-0.8659328209556008,0.36520507056581264,-0.49260403711052275,1.578532188674906,-0.6855446297878318,1.149282225323625,-2584.9109333228557,-193.33389588118703,1885.8160845133818,0.40451021455311276,-1.9293332933833212,-0.4178370898312832,0.8363032812428055,-0.07934730630509383,-1.2976259466075573,-0.847862949651143,11.7240646341377
0.006,-0.3499983029547008,0.14999270270521345,-0.2,-1.5707963267948966,0.0,0.5128693213400615,-0.2138123558337645,0.29437258951323686,3.1340022837412818,0.6630089756912162,-0.8645322851269647,0.3645584730686815,-0.493423352515968,1.578464182997818,-0.6751838506824868,1.2368892660074153,-2683.044200413969,-104.70909020762876,1836.7059507207284,0.4044326438780331,-1.9307400967673332,-0.418775703149463,0.8489491376546231,-0.0757987795367983,-1.5161237620490577,-1.0323120023212617,13.559623791339646
0.007,-0.34999731330130557,0.1499884471956141,-0.2,-1.5707963267948966,0.0,0.5109362607057119,-0.21294783994790836,0.2954424948899672,3.134088035605909,0.6490467930319459,-0.8628663405645872,0.3638006819613601,-0.49437257027244597,1.5783866825889508,-0.6630065747405745,1.319101163164585,-2777.028221894106,-18.50237131784702,1788.7201068940733,0.40435872910982457,-1.9323658616898036,-0.4199080318043375,0.8634055013145656,-0.07203504065879744,-1.7355808512851514,-1.2356982281684006,15.344145532289389
0.008,-0.34999600167485434,0.1499828072018739,-0.2,-1.5707963267948966,0.0,0.5086605675395017,-0.21194194371763092,0.29663571036562286,3.1341841569857003,0.6324391850124785,-0.8609319279776031,0.3629305092691868,-0.4954424627291862,1.5783009295904629,-0.6490440862946074,1.3992297886675027,-2866.204678554758,65.00903839881374,1741.7637182728909,0.4042867075122094,-1.9337002117618325,-0.4199039657709563,0.8813554147284921,-0.07200223521303722,-0.9340568299873808,1.2341008660257617,20.531105889890178
0.009000000000000001,-0.3499943243302592,0.14997559462011453,-0.2,-1.5707963267948966,0.0,0.5059652381223997,-0.21076294364391995,0.2979432458207403,3.134291595007913,0.6123653738120931,-0.8586541570985955,0.3619172314460114,-0.4966355622878416,1.57820479159564,-0.6324330841428347,1.0700031801260739,-2977.7425604974705,180.9668694052619,1670.927556200647,0.4042142414636426,-1.9342356265074798,-0.4174604943105903,0.904411568387841,-0.07293087139097466,-0.13752963722152034,3.641876239584974,25.54982400883675
0.01,-0.34999223807999996,0.14996662374400002,-0.2,-1.5707963267948966,0.0,0.5028448247127563,-0.20940853365449674,0.29933404531219976,3.1344070733321017,0.5889521660473227,-0.8559563321205943,0.36072909091662597,-0.4979431814867542,1.578097340187151,-0.6123563726366497,1.0784549598889555,-3076.6437614950387,292.3069807625304,1602.9073355680143,0.404140851130412,-1.9339767093116245,-0.4126434196798547,0.9323860949249303,-0.07385568734926055,0.6546480657937812,5.98004304823564,30.36191733420103
0.011,-0.3499897002918208,0.14995571125482943,-0.2,-1.5707963267948966,0.0,0.4992950471388172,-0.2078772191793986,0.30077186266875156,3.1345272401924738,0.5623539160080383,-0.8528330069703576,0.35936361352861457,-0.499334031146863,1.5779818524024503,-0.588940611051251,1.1087829175086537,-3159.8573671936483,396.9617066191668,1537.60519478772,0.4040665595930399,-1.9329278336991356,-0.40552615297835787,0.9650555343073424,-0.07473689944796752,1.4422835339349513,8.241002607580159,34.934726278331404
0.012,-0.3499866688864256,0.14994267621163004,-0.2,-1.5707963267948966,0.0,0.49531354126449156,-0.20616832500827215,0.30221661653140913,3.134648842423107,0.5327475645194139,-0.8492798683799533,0.35781912773951363,-0.500771864909065,1.577861680031324,-0.5623402124583006,1.1358747714446062,-3224.9028850467225,493.1806821880028,1474.784583198026,0.40399139611066814,-1.931093991489468,-0.39618963118507683,1.0021669392839576,-0.07560200473344214,2.2243443556931832,10.417356198959864,39.24206317331107
0.013000000000000001,-0.3499831023351744,0.1499273400412499,-0.2,-1.5707963267948966,0.0,0.49090044920741116,-0.20428221276800246,0.30362560645772174,3.1347688601711723,0.5003269958033785,-0.8452945198761561,0.3560947835755891,-0.5022166030697679,1.5777400760160472,-0.5327321699356071,1.1591629766879614,-3269.9474776465813,579.5807600621948,1414.0738483973118,0.4039153650888339,-1.928481584952951,-0.38472194517729885,1.0434446914727884,-0.07647328719304489,2.99906634948494,12.50225715812306,43.26486083102323
0.014,-0.34997895965777914,0.14990952652845055,-0.2,-1.5707963267948966,0.0,0.48605884662471793,-0.20222045438118927,0.30495475397615973,3.134884597275346,0.4652971047652107,-0.8408770707576669,0.3541907697946992,-0.5036255488953134,1.5776200597650867,-0.5003104050438107,1.1802988025726417,-3293.8479339804044,655.1816085845888,1354.9764384462492,0.4038384543478513,-1.9250990763772626,-0.3712176020516014,1.0885978287802807,-0.07736175614301594,3.7641259330522296,14.489777684952228,46.991528061471385
0.015,-0.34997420042,0.149889061806,-0.2,-1.5707963267948966,0.0,0.48079498116197095,-0.19998592924820024,0.3061597970665231,3.134993728190405,0.4278678432381993,-0.8360305621643858,0.35210848685109397,-0.5049546295765006,1.5775043268272269,-0.4652798279521706,1.2010869514104914,-3296.153397851059,719.4219515639888,1296.8871098830355,0.4037606462480739,-1.920957446638225,-0.35577644499842964,1.1373275418590585,-0.07826747801274675,4.5168444497584295,16.3752165342422,50.41792359220968
0.016,-0.34996878473134074,0.14986577434476542,-0.2,-1.5707963267948966,0.0,0.47511831533003535,-0.1975828405647822,0.307197371684401,3.13509430695924,0.38824853691417177,-0.8307612045776668,0.34985064368098207,-0.5061595902439955,1.577395202038966,-0.4278503798525364,1.2232100012542855,-3277.0685148024013,772.1536433853425,1239.1132263099273,0.40368192799570374,-1.9160704464668183,-0.33850231763065364,1.1893344436257185,-0.07918086125188781,5.254393673282915,18.155295910418815,53.54693136287194
0.017,-0.34996267324274555,0.1498394949438061,-0.2,-1.5707963267948966,0.0,0.46904138978856647,-0.19501665732347645,0.3080259274395254,3.1351847463052707,0.34664273781465593,-0.8250784202472786,0.347421273830963,-0.5071970747369554,1.5772946306311404,-0.3882313504483377,1.2481242085083992,-3237.381711314677,813.6139485973292,1180.8994832076553,0.4036023004947164,-1.9104546524895358,-0.3195015985814177,1.2443252335077217,-0.08008425907324951,5.973977196579838,19.828222035818825,56.387688017216185
0.018000000000000002,-0.3499558271442944,0.1498100567204659,-0.2,-1.5707963267948966,0.0,0.4625795399987783,-0.19229399571997594,0.30860644347397703,3.1352637756221546,0.30324380905642767,-0.8189947066188277,0.3448256775171085,-0.5080255404048266,1.577204199207113,-0.34662623513583446,1.2770031279657943,-3178.3675186834416,844.3794602075296,1121.4539018642383,0.40352178555248064,-1.9041293613137864,-0.2988817444392603,1.3020184561906707,-0.08095364417811639,6.672970950253613,21.393609898257974,58.954564133167715
0.019,-0.34994820816289923,0.14977729510046656,-0.2,-1.5707963267948966,0.0,0.4557505083131974,-0.18942245744612743,0.3089029309818968,3.1353303859330883,0.2582313464356866,-0.8125253536608901,0.3420703033081747,-0.5086059731876695,1.577125177804156,-0.30322832733688054,1.3107056986266195,-3101.674114374425,865.3072583188714,1059.9728270581445,0.4034404314413781,-1.8971163669591509,-0.27674996776780825,1.3621491707074531,-0.08176021303310324,7.3490155107431,22.852293031135552,61.2660251584932
0.02,-0.34993977855999997,0.149741047808,-0.2,-1.5707963267948966,0.0,0.44857399508736984,-0.1864104429551978,0.3088827269039094,3.1353837683242247,0.2117684447762582,-0.8056880569758449,0.3391625868373508,-0.5089023895766004,1.5770585749604091,-0.2582171487205831,1.3497751426178544,-3009.2072778529246,877.4697718525518,995.6629337584734,0.4033583169531804,-1.8894396699731777,-0.25321214951124105,1.4244724726537903,-0.08247179288840525,8.000061150018674,24.2060508495603,63.343495994076406
0.021,-0.3499305011292608,0.14970115485582144,-0.2,-1.5707963267948966,0.0,0.44107118812962226,-0.183266955997885,0.30851659652448604,3.1354232504143402,0.163999732624526,-0.7985024700474369,0.33611076453141964,-0.50888213006632,1.5770051992838896,-0.21175572358847417,1.3944503734650016,-2903.020125554513,882.0894034927403,927.7587675737715,0.4032755541659639,-1.8811251624142735,-0.22837205038320826,1.48876592669013,-0.08305401116971929,8.624372556085891,25.4572891384221,65.21033156106532
0.022,-0.3499203391942656,0.14965745853534207,-0.2,-1.5707963267948966,0.0,0.4332643022348924,-0.18000141257890553,0.307778669927043,3.135448233459208,0.11505003670160342,-0.7909897347320335,0.3329236785691603,-0.5085159618216489,1.5769657229667775,-0.16398861986524427,1.4446862475887754,-2785.2150563987684,880.4776926326801,855.5349585694343,0.40319229016593905,-1.8722003240504523,-0.20233085147122173,1.554831053533583,-0.08347122091968391,9.220503558170826,26.60870603337466,66.89096427470103
0.023,-0.34990925660621436,0.1496098034067219,-0.2,-1.5707963267948966,0.0,0.42517615211420495,-0.17662346399310225,0.3066462387784099,3.1354581309006013,0.06502350058255985,-0.783172021597468,0.32961058616036726,-0.507778015446519,1.5769407446535082,-0.1150406176209735,1.500173589259139,-2657.861140217034,873.9820757129582,778.3128194095231,0.40310870795085135,-1.8626939539916743,-0.17518702499723737,1.622494070200431,-0.08368721884104445,9.787253502620764,27.662969498422864,68.41026705476439
0.024,-0.34989721774161914,0.14955803628896258,-0.2,-1.5707963267948966,0.0,0.4168297746972174,-0.1731428405692727,0.3050994368327794,3.1354523076115326,0.014002968360442196,-0.7750721033557089,0.32618098277800744,-0.5066455822363096,1.576930850859112,-0.06501582965092645,1.5603438225478148,-2522.927355091039,863.9416321254699,695.461469971987,0.4030250266758352,-1.8526359502185743,-0.14703651341552082,1.6916061066750692,-0.08366585040143876,10.323617022100901,28.62242606809837,69.79314318390985
0.025,-0.34988418749999994,0.14950200624999999,-0.2,-1.5707963267948966,0.0,0.40824811191818233,-0.16956922074877187,0.3031208213368766,3.1354300177074865,-0.03795055059736917,-0.7667129773611456,0.3226444459700145,-0.5050987952184451,1.5769366766907087,-0.013997085226371553,1.6243576340278236,-2382.229975276291,851.6518376033646,606.3939098566526,0.4029415013019462,-1.8420571378200634,-0.11797317733544845,1.7620431228355946,-0.08337160908973827,10.828738793275498,29.488857112213772,71.06433421543923
0.026000000000000002,-0.3498701313015808,0.14944156459679744,-0.2,-1.5707963267948966,0.0,0.3994537635936037,-0.16591212952661458,0.30069486469267914,3.1353903374567818,-0.090798498733686,-0.7581175483087328,0.3190105043881604,-0.5031202110988479,1.5769589680047815,0.03795460648178839,1.6910689648446557,-2237.3911533884457,838.3374431097051,510.5585948026407,0.40285842157924673,-1.8309891349948093,-0.08808945632880456,1.8337057333633358,-0.08277038071686281,11.3018853746806,30.263300172710007,72.24842337150062
0.027,-0.3498550150849856,0.14937656486543804,-0.2,-1.5707963267948966,0.0,0.39046882252109444,-0.16218087135060918,0.2978073577713881,3.135332088343506,-0.14452559588475625,-0.7493083807624664,0.3152885360712566,-0.5006943024272482,1.5769986484680185,0.0908006760301654,1.7589612619058554,-2089.805293554596,825.1321785319382,407.42714557508464,0.40277611012740433,-1.819464232990899,-0.05747716581798866,1.9065191204345484,-0.08183052205911928,11.742448067723714,30.94596078968041,73.37000130472222
0.028,-0.3498388053049344,0.1493068628112179,-0.2,-1.5707963267948966,0.0,0.38131481108877874,-0.15838450556699107,0.29444471982412346,3.1352537434735375,-0.1991409435392824,-0.7403075336393053,0.31148770107667423,-0.4978068613385334,1.5770568964687435,0.14452582319007723,1.826061461396013,-1940.6101440453226,813.064044842246,296.47891440423416,0.402694919174566,-1.8075152505405063,-0.026228320504030695,1.9804331751432735,-0.08052449241770016,12.149994416286185,31.536256398101187,74.45394890245922
0.029,-0.34982146892993915,0.14923231639873855,-0.2,-1.5707963267948966,0.0,0.37201275110900955,-0.15453187766761747,0.29059320729074556,3.1351533079655414,-0.2546793894864644,-0.7311364958922815,0.307616916530143,-0.4944443097598285,1.577135238690186,0.19913912713005022,1.889833701333608,-1790.6607231653477,803.0455306486675,177.1833744209872,0.4026152252665904,-1.7951753031040865,0.0055641789080627495,2.0554229542315134,-0.07883132140407978,12.524391484672076,32.033059822995796,75.52577183326605
0.03,-0.34980297343999994,0.14915278579199998,-0.2,-1.5707963267948966,0.0,0.36258341661275195,-0.15063172706020278,0.2862380186083213,3.135028160342848,-0.3112029944032718,-0.7218162550206553,0.30368488731413446,-0.4905929082715353,1.5772356697092924,0.2546754202898929,1.9470786599116487,-1640.5064930495291,795.8692492220007,48.98182721426797,0.40253742097115025,-1.78247740086667,0.037806243602148334,2.1314894575037613,-0.07674020919535697,12.866030507612649,32.43524564142181,76.61188664771997
0.031,-0.34978328682430077,0.14906813334449345,-0.2,-1.5707963267948966,0.0,0.35331644771074117,-0.14680428220096484,0.28146225827264476,3.1348796031686295,-0.36707239364092986,-0.712367548046485,0.29970021307781336,-0.4862378605037425,1.5773608106187496,0.31119676943210406,1.993871861968715,-1490.3761751395357,792.2114570864532,-88.72908913417578,0.40246355358282226,-1.7696734608319729,0.0700020470544064,2.206760293055033,-0.07101582684889388,12.749682983628077,31.99203853144252,73.94812404706462
0.032,-0.34976237757890555,0.14897822358929408,-0.2,-1.5707963267948966,0.0,0.3444941948040116,-0.14316642153109016,0.27640260482870666,3.1347116598562956,-0.4205699910266902,-0.703079087102343,0.2957825944843423,-0.4814642850843617,1.57750937790503,0.3670747130133374,2.15693636365058,-1378.0952313288255,759.1865771931156,-123.40002610043035,0.40239561601259505,-1.7569623948085527,0.10186215260369005,2.2794129033773665,-0.06488765878717177,12.680162384964333,31.764162812387912,71.36613366815828
0.033,-0.3497402147044544,0.14888292322915392,-0.2,-1.5707963267948966,0.0,0.3361275178958323,-0.13972250974707878,0.271113192803584,3.1345254817505115,-0.4715780093165954,-0.6942340041928639,0.292049159511926,-0.47640426961418714,1.5776773378028874,0.4205772478235632,2.4704036662249673,-1292.7899870089495,742.9790908618996,-158.76290972655184,0.4023342550774072,-1.7442982126676543,0.13360184213250825,2.3495018544759607,-0.05786538464210239,12.65529677547853,31.7504263237694,68.81225242047553
0.034,-0.34971676770385923,0.14878210112659454,-0.2,-1.5707963267948966,0.0,0.32822441051605883,-0.1364757988481462,0.26565456685799227,3.134322713132085,-0.5199321395629883,-0.6858433278829765,0.2885041994080818,-0.4711144651345379,1.5778635360378441,0.47158964931747605,2.8804290935031185,-1234.4840353442466,742.8523878045479,-193.1363932134825,0.4022805330988239,-1.7316387124310526,0.16543138208423194,2.417030580707678,-0.04960751251646262,12.669562729028183,31.94144280995622,66.23820438666314
0.035,-0.34969200658,0.148675628294,-0.2,-1.5707963267948966,0.0,0.32078822353837433,-0.1334276578377936,0.26009139972032447,3.1341056814798387,-0.5654308810566854,-0.6779150477277931,0.2851508479390684,-0.46565543662945424,1.5780663265933637,0.5199472914042431,3.367976970661962,-1203.3787629321585,758.1110688637298,-224.8625694970206,0.40223584018379405,-1.7189491493189764,0.1975462550022405,2.481957912239627,-0.039798736463181515,12.713506010352138,32.31660001952605,63.60353325356867
0.036000000000000004,-0.3496659018334208,0.14856337788370946,-0.2,-1.5707963267948966,0.0,0.3138160813159252,-0.13057690107772474,0.25449171266977677,3.133877540196293,-0.6078529968054515,-0.6704525119138911,0.28199035810536643,-0.46009189140685575,1.5782833789586679,0.5654482735592117,3.924111965702295,-1199.4792241370385,787.9148958942227,-252.3873011006365,0.40220188848245675,-1.7062062576791777,0.23011489973475915,2.5442073921165935,-0.02810933139156692,12.773672725475155,32.842302276546285,60.878630273093144
0.037,-0.3496384244600256,0.14844522517811007,-0.2,-1.5707963267948966,0.0,0.3072976850542537,-0.1279192961698976,0.24892504535476667,3.133642324150845,-0.646978833911942,-0.663452832426956,0.27902142600656654,-0.4544918961644415,1.578511535514937,0.6078709758348277,4.539795181077309,-1222.2035431089485,831.0969870999633,-274.360610994358,0.40218072812213007,-1.6934019522036459,0.26326581622689665,2.6036795500070564,-0.014193023231583944,12.833360419972427,33.47262970740606,58.04743789117377
0.038,-0.34960954594877436,0.1483210475797299,-0.2,-1.5707963267948966,0.0,0.30121489361008624,-0.12544740194869752,0.24345977082510975,3.13340488703462,-0.6826127356119919,-0.6569056769479047,0.27623969405842114,-0.4489250362055004,1.5787467568112046,0.6469955263990181,5.2015990637044025,-1270.0535632623958,886.0247250411937,-289.7318091879424,0.40217475445325257,-1.6805458084957745,0.29707686469142514,2.6602662393708183,0.0022931273657790224,12.874299074942025,34.15310769990731,55.10868886814604
0.039,-0.34957923827937915,0.14819072460133054,-0.2,-1.5707963267948966,0.0,0.29554234611117686,-0.12315083923331743,0.2381600192202041,3.1331707120546692,-0.7146024911526163,-0.650792843205202,0.2736375864612023,-0.44345971446908183,1.5789841857393823,0.6826263584223122,5.890765026636235,-1340.4455750325108,950.5494031799806,-297.80803621327135,0.4021866895612929,-1.6676654877600425,0.3315697840374557,2.7138650914559834,0.021657232110014794,12.879005318380447,34.82720128414645,52.07481096743838
0.04,-0.34954747391999996,0.148054137856,-0.2,-1.5707963267948966,0.0,0.29024912917135925,-0.12101699033983515,0.23308283704689842,3.132945619749609,-0.7428518301418238,-0.645088885485511,0.27120458172416495,-0.4381600607316091,1.5792183385184586,0.7146117200903701,6.584704988714381,-1429.7756300760532,1022.0759966233849,-298.25280366421663,0.402219531595899,-1.6548047177505059,0.3667119246559016,2.7643916376042204,0.04414031073461709,12.833194493771835,35.44389584646771,48.96843239162433
0.041,-0.3495142258249408,0.14791117104724544,-0.2,-1.5707963267948966,0.0,0.28530119123693426,-0.11903200103028089,0.22827616024408814,3.1327354241098457,-0.7673236532532157,-0.6397627964748285,0.2689279183239036,-0.4330830869301615,1.5794433977095306,0.7428560821039158,7.260111541064496,-1533.7203259340063,1097.74686223154,-291.0229004818067,0.402276476362378,-1.6420191387805312,0.4024251551999496,2.8117870800858853,0.06989393985440026,12.727530658486685,35.96409574935554,45.81738753575434
0.042,-0.3494794674323456,0.14776170995908605,-0.2,-1.5707963267948966,0.0,0.28066400914021605,-0.11718187958446061,0.22377792064962942,3.132545596874244,-0.7880343282992766,-0.6347804403791225,0.26679360437993926,-0.4282766709523458,1.5796535553520554,0.7673231546255139,7.8964677966182535,-1647.6854492618625,1174.6902692787505,-276.2665309453324,0.40236082456706707,-1.6293709425697338,0.4385997871059363,2.8560209175395412,0.098974593791289,12.558250419701855,36.36406173963635,42.649665777001914
0.043000000000000003,-0.3494431726618944,0.1476056424461459,-0.2,-1.5707963267948966,0.0,0.27630500577297745,-0.11545348777891995,0.2196162611059155,3.1323809869646166,-0.8050417043230389,-0.630107232843117,0.2647875220912286,-0.4237786832502951,1.5798433466076167,0.7880299483953257,8.478730725209893,-1767.2649298672568,1250.2624708904905,-254.21773419833704,0.40247589177574145,-1.6169234700493065,0.4751101985941514,2.8970890413652817,0.13135494851537843,12.326658552938895,36.635412562234144,39.48956513121058
0.044,-0.3494053159124992,0.14744285842374655,-0.2,-1.5707963267948966,0.0,0.27219537968570984,-0.11383528702140824,0.21581056400751464,3.132245617267585,-0.818430514817486,-0.6257105611327841,0.26289641955289755,-0.41961722045633354,1.5800079280887065,0.805034648605027,8.998440769247082,-1888.5895168130558,1322.223504204931,-225.11595615942198,0.4026249355088859,-1.6047367283708103,0.5118290396407718,2.9350088593802615,0.16694663089189798,12.037875409171585,36.78249084945468,36.355623373323034
0.045,-0.34936587206,0.147273249858,-0.2,-1.5707963267948966,0.0,0.2683112330034761,-0.1123177961326464,0.2123728922188423,3.13214255837247,-0.828298426100986,-0.6215616071775936,0.2611086540368908,-0.415811642499482,1.5801432797793087,0.8184220161189462,9.453256718576588,-2008.509079215547,1388.8213073384784,-189.16236335816478,0.402811107118169,-1.5928643224743577,0.548638062936453,2.969813202521942,0.20562660498203272,11.699340054463955,36.81848584071342,33.26018543232483
0.046,-0.34932481645486074,0.14709671075590142,-0.2,-1.5707963267948966,0.0,0.2646340686760177,-0.11089379246843603,0.20930948649780207,3.1320738668137897,-0.8347447397432263,-0.617636465754904,0.259414645703349,-0.41237401146542607,1.5802463312708985,0.8282895314164396,9.845451755587758,-2124.6197746475864,1448.79330421314,-146.50843760665484,0.4030374287762477,-1.5813518322595783,0.5854349970951429,3.0015443981804446,0.24726061339229077,11.319465985282203,36.76156546616829,30.210067072441348
0.047,-0.3492821249198656,0.1469131371554221,-0.2,-1.5707963267948966,0.0,0.26115086226164996,-0.10955823157705856,0.20662208630030976,3.1320405738922132,-0.8378624176258651,-0.6139166338343263,0.2578070754815621,-0.409310581131688,1.580315024343836,0.8347362174732957,10.180052657142358,-2235.18566394866,1501.3135294407543,-97.26470896739197,0.4033064315299133,-1.5702363572940135,0.6221369195397037,3.0302493057995235,0.29099841176394065,10.906667059134227,36.63182023376302,27.207727277770985
0.048,-0.3492377737478144,0.14672242711560193,-0.2,-1.5707963267948966,0.0,0.2578538303950099,-0.10830809627852575,0.20430896360585607,3.132042714246911,-0.8377332255900518,-0.6103890779356685,0.2562808034323779,-0.40662310942083324,1.5803483251764554,0.8378547578193665,10.522870018687353,-2339.0091213612086,1545.9141631169334,-41.51607406539674,0.40361993955443665,-1.5595468687039489,0.6586809823780563,3.055975588338484,0.33627807078219224,10.468712900769809,36.44903337431631,24.252512314506244
0.049,-0.34919173969921924,0.14652448070664256,-0.2,-1.5707963267948966,0.0,0.25449190002455946,-0.10704013589911182,0.2020901139073019,3.132051214419644,-0.8370993716621329,-0.6070460018440749,0.25483271646754024,-0.40430988626278475,1.58034619658285,0.837726690376762,10.910808798599302,-2435.29371715742,1582.4068970582528,20.65874080132283,0.4039794570509154,-1.5492515126889328,0.6946928774740299,3.0810605053312603,0.38301922097622076,10.124304190746155,35.57902753824496,25.927633210544368
0.05,-0.34914399999999995,0.1463192,-0.2,-1.5707963267948966,0.0,0.251066571815956,-0.10575488511104573,0.1999584294727918,3.1320653244808248,-0.836017232751627,-0.6036364982589917,0.25335954329990973,-0.4020905815755338,1.580337723227201,0.8370953118782611,10.248602166306139,-2365.8529661824964,1576.7694728561632,-54.31142573445469,0.40438658230137087,-1.539351522331677,0.7301717782584535,3.1055557548001573,0.43151538652616855,9.672952519304003,35.374084380919136,23.069978181978193
0.051000000000000004,-0.3490945323391808,0.14610648905847742,-0.2,-1.5707963267948966,0.0,0.24759980383768482,-0.10446130846121293,0.1979339309288644,3.1320868876549985,-0.8342951541400764,-0.6001615074004307,0.25186149938860997,-0.39995925707322433,1.5803235992960438,0.8360119106997121,10.752100052353022,-2454.201335929687,1606.1247386118262,8.254575664955802,0.4048429987169009,-1.5298537185723915,0.765144035514747,3.129310755535475,0.4816056895882668,9.32494896673526,34.57558497365017,24.44798590042136
0.052000000000000005,-0.3490433148665856,0.14588625392631807,-0.2,-1.5707963267948966,0.0,0.2440934433979925,-0.10316009132227362,0.19601003127357128,3.1321151862998984,-0.8319798296054899,-0.5966436206102844,0.250347728394197,-0.39793424647772296,1.5803020678835278,0.8342927412510077,10.304777615352167,-2392.0152497625613,1595.8815847079293,-53.75365086350641,0.4053504639676966,-1.5207577840105326,0.7996159978275142,3.15236925127776,0.5336358791533486,8.864786331231171,34.365492006261164,21.67551704008399
0.053,-0.3489903261905344,0.1456584026192979,-0.2,-1.5707963267948966,0.0,0.240527197985958,-0.10184272195103936,0.1941599579709702,3.1321473226195704,-0.8293288967862796,-0.593084151480542,0.24881860798066194,-0.3960107712410443,1.5802737485781417,0.831975513409275,10.916695272315458,-2472.547662701371,1617.9653254992215,10.113401541778256,0.40591080888103637,-1.5120573954638041,0.8335679381161152,3.174972856016275,0.5873719332652599,8.538774001800196,33.544945566779525,23.537978459803483
0.054,-0.34893554537553917,0.14542284511481854,-0.2,-1.5707963267948966,0.0,0.23690301659141255,-0.10050985693174885,0.19237771544650104,3.1321827131681603,-0.8263804391705489,-0.5894631817984525,0.24726570488290228,-0.3941600987346895,1.58024164804314,0.8293278785888236,10.4974764505811,-2391.294051090094,1597.4597243478684,-62.852778545567794,0.406525973047609,-1.503749802276787,0.8670134261591889,3.197159298416097,0.6432993353832556,8.074531491151664,33.344118784878205,20.840993347067297
0.055,-0.34887895193999996,0.14517949334199998,-0.2,-1.5707963267948966,0.0,0.2333307282826298,-0.09920700292029733,0.19078388237088617,3.132232905930573,-0.821970205353186,-0.5857823365854906,0.24568945604776016,-0.3923784016418979,1.5802062287846077,0.8263767443868519,11.221084261657268,-2465.3737406930895,1613.6062944445007,1.1630080218321055,0.40719803870643473,-1.4958676484287665,0.9000930369082678,3.21794843724869,0.7011881874416607,7.690471678421905,32.818173468001014,20.742458032140153
0.056,-0.3488205258539008,0.14492826117177343,-0.2,-1.5707963267948966,0.0,0.22979389242023363,-0.09792740633205316,0.1893518913459182,3.132294865513961,-0.8163324596785065,-0.5821516280717651,0.244135372276809,-0.39078417168646634,1.5801560605757992,0.8219687996864526,11.38457602111227,-2447.6031870829324,1603.0074094646036,-8.483159541609854,0.4079291457684186,-1.4884073402453464,0.9327915027846968,3.237547331739477,0.7614014543211086,7.2290119958440515,32.57887487198132,18.460649272499023
0.057,-0.3487602475365056,0.14466906440697408,-0.2,-1.5707963267948966,0.0,0.22618619477858978,-0.09662668011529914,0.18795858585814557,3.1323564194605096,-0.8106507688009086,-0.5785545004504955,0.24259657139530008,-0.3893524315651953,1.5800940895850992,0.8163299527984398,12.098120113861198,-2500.523168577604,1607.0749972972044,49.77834137625199,0.40872147848897256,-1.4813324882943115,0.9649970009516228,3.2569986003589446,0.8236596108094533,6.922876870445951,31.83787935809225,20.445536650240893
0.058,-0.3486980978540544,0.14440182077243394,-0.2,-1.5707963267948966,0.0,0.22252785170308526,-0.09531303132539995,0.18662056566276408,3.132419178779928,-0.8047470319275387,-0.5748846078054606,0.24102858193287854,-0.3879585838798444,1.5800325639020052,0.8106509821163446,11.904768190443576,-2410.5559013476195,1573.204979397202,-18.18361132976292,0.4095774347705753,-1.4746467929889553,0.9967470276160875,3.2761560111075365,0.8886696653849993,6.447050274198465,31.661918214778073,17.874566878743074
0.059000000000000004,-0.3486340581174592,0.14412644990507456,-0.2,-1.5707963267948966,0.0,0.2188208184687882,-0.09398703216395146,0.18533817132947103,3.1324829953048843,-0.7986199370983972,-0.5711622693246422,0.23943957844825572,-0.3866211397300665,1.579969776414707,0.8047444664635433,12.80114750847761,-2469.925767824853,1575.557062681961,49.88108240087036,0.41049950516506317,-1.4683485117891386,1.0280580792613259,3.2950442599405045,0.9559126494393978,6.151424625921983,30.965395293660624,19.90487876908486
