sample_index,t,task_mode,des_x,des_y,des_z,sol_x,sol_y,sol_z,residual_norm,ik_success,q_jnt_1,q_jnt_2,q_jnt_3,q_jnt_4,q_act_1,q_act_2,q_act_3,q_act_4,j_margin_min,j_margin_1,j_margin_2,j_margin_3,j_margin_4,a_margin_min,a_margin_1,a_margin_2,a_margin_3,a_margin_4,active_limit_name,active_limit_margin
0,0.0,xyz_roll_pitch,0.25,-0.2,-0.1,0.25000188981146776,-0.20000130992788942,-0.10000051814856833,7.204542396397557e-06,True,0.6747446842757324,1.2749341284920295,1.4163231088101753,-0.45033143443505574,1.2652253596019734,8.499560856613531,4.721077029367251,-1.5011047814501859,0.15457689118982465,2.4668553157242674,0.2959658715079705,0.15457689118982465,1.1205685655649442,0.5149229706327487,4.625674640398027,1.9724391433864685,0.5149229706327487,3.7348952185498137,jnt3,0.15457689118982465
1,0.02,xyz_roll_pitch,0.2498494464,-0.20009033216000002,-0.10003011072000001,0.24985309648547066,-0.20009101353799388,-0.10003053000762399,7.795234080470152e-06,True,0.6752538959770363,1.274938009414694,1.4166105022407602,-0.4500404593415688,1.2661801912188944,8.499586729431295,4.722035007469201,-1.500134864471896,0.15428949775923972,2.4663461040229637,0.2959619905853059,0.15428949775923972,1.1208595406584312,0.5139649925307985,4.624719808781106,1.9724132705687047,0.5139649925307985,3.735865135528104,jnt3,0.15428949775923972
2,0.04,xyz_roll_pitch,0.2488686848,-0.20067878912,-0.10022626304,0.24889172084545255,-0.20068267225392214,-0.10022865048242219,2.509487770526652e-05,True,0.6785779785969737,1.2750010750510528,1.4183920319229866,-0.4482006259058819,1.2724132356965567,8.500007167007018,4.727973439743288,-1.4940020863529397,0.1525079680770134,2.4630220214030265,0.2958989249489472,0.1525079680770134,1.122699374094118,0.5080265602567113,4.6184867643034435,1.9719928329929814,0.5080265602567113,3.74199791364706,jnt3,0.1525079680770134
3,0.06,xyz_roll_pitch,0.2464202752,-0.20214783488000002,-0.10071594496000001,0.24647756714987196,-0.20215753588481397,-0.10072181333976532,6.0465970398317275e-05,True,0.6869333483789387,1.2751726342582557,1.422810592996457,-0.44361888835096674,1.2880805332438379,8.501150895055039,4.742701976654857,-1.4787296278365558,0.148089407003543,2.454666651621061,0.2957273657417443,0.148089407003543,1.127281111649033,0.49329802334514294,4.602819466756163,1.9708491049449606,0.49329802334514294,3.757270372163444,jnt3,0.148089407003543
4,0.08,xyz_roll_pitch,0.2420603136,-0.20476381184,-0.10158793728000001,0.24216009470689479,-0.20477992848411508,-0.10159742705131927,0.00010462322362043863,True,0.7019609429913091,1.2755909992081702,1.4303952202819872,-0.4356260700093542,1.3162590342983482,8.503939994721135,4.7679840676066245,-1.4520869000311807,0.14050477971801278,2.4396390570086908,0.29530900079182976,0.14050477971801278,1.1352739299906458,0.46801593239337524,4.5746409657016525,1.9680600052788648,0.46801593239337524,3.783913099968819,jnt3,0.14050477971801278
5,0.1,xyz_roll_pitch,0.23552,-0.208688,-0.102896,0.23566338014962523,-0.20870829197953142,-0.10290740072733542,0.0001494204549855479,True,0.7248179382140651,1.2765355278746262,1.440945942121401,-0.4241406892106842,1.3591185790625635,8.510236852497508,4.80315314040467,-1.4138022973689475,0.12995405787859893,2.416782061785935,0.29436447212537376,0.12995405787859893,1.1467593107893157,0.43284685959532965,4.5317814209374365,1.9617631475024915,0.43284685959532965,3.822197702631052,jnt3,0.12995405787859893
6,0.12,xyz_roll_pitch,0.2266872064,-0.21398767616,-0.10466255872,0.2268688015089636,-0.21400663747771453,-0.10467219225443214,0.00018772148987986344,True,0.7562368123847035,1.278431105158624,1.453515121120131,-0.4096834087370181,1.4180326502619605,8.522874034390826,4.84505040373377,-1.365611362456727,0.11738487887986904,2.3853631876152965,0.29246889484137606,0.11738487887986904,1.161216591262982,0.39094959626623016,4.47286734973804,1.9491259656091735,0.39094959626623016,3.8703886375432726,jnt3,0.11738487887986904
7,0.14,xyz_roll_pitch,0.2155880448,-0.22064717312,-0.10688239104000001,0.21579763919445188,-0.22065607675499332,-0.10688488301334939,0.00021477736332759626,True,0.796533955279319,1.2818013479525834,1.4664967070446842,-0.3933348540712336,1.4935945158059611,8.54534231968389,4.888322356815614,-1.3111161802374454,0.10440329295531581,2.345066044720681,0.2890986520474166,0.10440329295531581,1.1775651459287664,0.34767764318438577,4.397305484194039,1.9266576803161097,0.34767764318438577,3.924883819762554,jnt3,0.10440329295531581
8,0.16,xyz_roll_pitch,0.20236843519999997,-0.22857893888000003,-0.10952631296000001,0.20259326959726298,-0.22856634959884364,-0.1095151639992713,0.00022971413885813498,True,0.845570242973993,1.287183405650981,1.4778153997684926,-0.37663187249153957,1.585543302032614,8.581222704339874,4.926051332561642,-1.2554395749717986,0.09308460023150733,2.296029757026007,0.28371659434901897,0.09308460023150733,1.1942681275084603,0.30994866743835736,4.305356697967387,1.8907772956601256,0.30994866743835736,3.980560425028201,jnt3,0.09308460023150733
9,0.18,xyz_roll_pitch,0.1872756736,-0.23763459584000002,-0.11254486528,0.18750279254217336,-0.23758732269228028,-0.1125131870140656,0.0002368814638687436,True,0.902683250527696,1.2950317548200134,1.4851883616596309,-0.3614021703345411,1.6926368845447142,8.633545032133423,4.95062787219877,-1.204673901115137,0.0857116383403691,2.238916749472304,0.27586824517998654,0.0857116383403691,1.2094978296654588,0.2853721278012298,4.198263115455286,1.8384549678665767,0.2853721278012298,4.031326098884863,jnt3,0.0857116383403691
10,0.2,xyz_roll_pitch,0.17064,-0.247616,-0.115872,0.17085817271440032,-0.24752037693237391,-0.11581325220419911,0.00024632957363613257,True,0.9666290509325032,1.3056418686151319,1.486423527327382,-0.34954240249947405,1.8125427544205948,8.70427912410088,4.954745091091274,-1.1651413416649135,0.08447647267261793,2.1749709490674967,0.2652581313848681,0.08447647267261793,1.221357597500526,0.28125490890872573,4.078357245579405,1.7677208758991192,0.28125490890872573,4.070858658335086,jnt3,0.08447647267261793
11,0.22,xyz_roll_pitch,0.15285616640000002,-0.25828630016,-0.11942876672,0.15305713540565716,-0.2581296652304911,-0.11933738697777502,0.00027075179368104066,True,1.0355840183048586,1.3191155779570036,1.4797145925004864,-0.342757827301357,1.9418413994090729,8.79410385304669,4.932381975001622,-1.1425260910045234,0.09118540749951354,2.1060159816951414,0.25178442204299634,0.09118540749951354,1.228142172698643,0.30361802499837776,3.949058600590927,1.6778961469533087,0.30361802499837776,4.093473908995477,jnt3,0.09118540749951354
12,0.24,xyz_roll_pitch,0.13436500480000002,-0.26938099711999997,-0.12312699903999999,0.13454403787036867,-0.26915322684156834,-0.12299890369286104,0.0003175525577617288,True,1.1072502499651902,1.3353697062431107,1.4638921496867214,-0.3423024674259449,2.0762239826836493,8.902464708287406,4.879640498955738,-1.1410082247531497,0.10700785031327853,2.03434975003481,0.23553029375688928,0.10700785031327853,1.228597532574055,0.3563595010442615,3.814676017316351,1.5695352917125938,0.3563595010442615,4.09499177524685,jnt3,0.10700785031327853
13,0.26,xyz_roll_pitch,0.11563499519999998,-0.28061900288,-0.12687300096,0.11579083581061315,-0.2803139625569593,-0.12670601602489534,0.0003840104010868,True,1.179073547502724,1.3541677472358697,1.4385951438075204,-0.3487758180802431,2.210901082885288,9.027784981572465,4.795317146025068,-1.1625860602674771,0.13230485619247956,1.9625264524972759,0.21673225276413022,0.13230485619247956,1.2221241819197568,0.44068285397493145,3.679998917114712,1.4442150184275349,0.44068285397493145,4.073413939732522,jnt3,0.13230485619247956
14,0.28,xyz_roll_pitch,0.09714383360000003,-0.29171369983999995,-0.13057123327999998,0.0972781439069638,-0.29133052725412517,-0.13036553946235266,0.00046088866844249706,True,1.2485312648203268,1.3751450182986331,1.4043405630502575,-0.3620277701161517,2.3411424429407965,9.167633455324221,4.681135210167525,-1.2067592337205058,0.1665594369497425,1.8930687351796731,0.19575498170136685,0.1665594369497425,1.2088722298838483,0.5548647898324743,3.5497575570592037,1.3043665446757782,0.5548647898324743,4.029240766279494,jnt3,0.1665594369497425
15,0.3,xyz_roll_pitch,0.0793600000000001,-0.30238399999999993,-0.13412799999999997,0.07947637908542873,-0.30192816963387265,-0.13388662711130223,0.0005372512762120886,True,1.3134097488152436,1.3978084620736246,1.3624904720545226,-0.38119152966511183,2.462797203853823,9.318723080490832,4.541634906848409,-1.2706384322170394,0.17309153792637533,1.8281902511847563,0.17309153792637533,0.2084095279454774,1.1897084703348881,0.6943650931515908,3.4281027961461774,1.1532769195091674,0.6943650931515908,3.9653615677829603,jnt2,0.17309153792637533
16,0.32,xyz_roll_pitch,0.06272432639999978,-0.31236540416000014,-0.13745513472000004,0.06282704290377777,-0.3118495162434404,-0.13718445217450814,0.0006023444979386961,True,1.3719953997271641,1.4215154317918894,1.3151345470544196,-0.4048221108005649,2.5726521652487606,9.476769545279263,4.383781823514732,-1.349407036001883,0.14938456820811052,1.7696046002728358,0.14938456820811052,0.2557654529455804,1.166077889199435,0.8522181764852679,3.3182478347512396,0.9952304547207369,0.8522181764852679,3.8865929639981167,jnt2,0.14938456820811052
17,0.34,xyz_roll_pitch,0.047631564800000165,-0.3214210611199999,-0.14047368703999996,0.047724248638737164,-0.32086523340316625,-0.14018375260264088,0.0006460067728042637,True,1.4231461543067336,1.4454545393172706,1.264913103088476,-0.43109235351063835,2.6685658246891686,9.636363595448472,4.21637701029492,-1.436974511702128,0.12544546068272933,1.7184538456932663,0.12544546068272933,0.30598689691152403,1.1398076464893616,0.8356364045515274,3.2223341753108317,0.8356364045515274,1.0196229897050797,3.799025488297872,jnt2,0.12544546068272933
18,0.36,xyz_roll_pitch,0.0344119551999999,-0.32935282688,-0.14311760896000003,0.03449656189726041,-0.32878441286949756,-0.14282216318897756,0.0006590754514117595,True,1.4662605081560833,1.4686559131825692,1.2147975820724788,-0.4580020969982092,2.7494102909358396,9.791039421217128,4.049325273574929,-1.5266736566606973,0.1022440868174308,1.6753394918439166,0.1022440868174308,0.3561024179275212,1.1128979030017907,0.6809605787828712,3.1414897090641607,0.6809605787828712,1.1866747264250703,3.7093263433393027,jnt2,0.1022440868174308
19,0.38,xyz_roll_pitch,0.023312793599999826,-0.3360123238400001,-0.14533744128000003,0.023389128097202314,-0.3354644144876029,-0.145053224232052,0.0006344887739430829,True,1.501190334003628,1.4900503812951658,1.1678304867362814,-0.4835789050695194,2.814907807994802,9.93366920863444,3.892768289120938,-1.6119296835650647,0.0808496187048342,1.640409665996372,0.0808496187048342,0.40306951326371854,1.0873210949304806,0.53833079136556,3.0759921920051982,0.53833079136556,1.3432317108790617,3.624070316434935,jnt2,0.0808496187048342
20,0.4,xyz_roll_pitch,0.014479999999999882,-0.34131200000000006,-0.147104,0.014546003661085273,-0.34082009418933856,-0.14684908288464218,0.0005692187644682494,True,1.5281456115822527,1.5085851915553017,1.1268162247397926,-0.5060712100872911,2.8654521124737533,10.057234610368678,3.7560540824659756,-1.6869040336243035,0.06231480844469828,1.6134543884177472,0.06231480844469828,0.44408377526020737,1.064828789912709,0.4147653896313219,3.025447887526247,0.4147653896313219,1.4799459175340242,3.5490959663756962,jnt2,0.06231480844469828
21,0.42,xyz_roll_pitch,0.007939686400000201,-0.34523618815999985,-0.14841206271999996,0.007992471297507806,-0.3448326057452497,-0.14820297302618768,0.0004667959615001186,True,1.5476253299484255,1.5233883187326789,1.0939645673869016,-0.5241401494316181,2.901978867332506,10.155922124884526,3.646548557956339,-1.7471338314387272,0.04751168126732108,1.5939746700515744,0.04751168126732108,0.47693543261309834,1.0467598505683817,0.31607787511547336,2.9889211326674943,0.31607787511547336,1.5894514420436607,3.4888661685612723,jnt2,0.04751168126732108
22,0.44,xyz_roll_pitch,0.003579724800000239,-0.34785216511999983,-0.14928405503999995,0.003617078361905941,-0.3475588538675433,-0.1491320513218831,0.0003391307579946164,True,1.5603921986122908,1.5339567346656071,1.0705167612495525,-0.5370448979309372,2.9259182422881884,10.226378231104048,3.5683892041651752,-1.7901496597697908,0.03694326533439285,1.581207801387709,0.03694326533439285,0.5003832387504474,1.0338551020690627,0.24562176889595122,2.964981757711812,0.24562176889595122,1.6676107958348245,3.445850340230209,jnt2,0.03694326533439285
23,0.46,xyz_roll_pitch,0.0011313152000000937,-0.3493212108799999,-0.14977373695999996,0.001153107958811381,-0.349142925484894,-0.14968125965139759,0.00020606130477505852,True,1.5674961968357732,1.5403261491466185,1.0564240598716501,-0.5447944978145981,2.939239071509044,10.268840994310791,3.5214135329055005,-1.8159816593819937,0.03057385085338149,1.5741038031642267,0.03057385085338149,0.5144759401283499,1.026105502185402,0.20315900568920853,2.951660928490956,0.20315900568920853,1.7145864670944992,3.420018340618006,jnt2,0.03057385085338149
24,0.48,xyz_roll_pitch,0.00015055359999993634,-0.34990966784,-0.14996988928,0.00015946896142328532,-0.34983005369514913,-0.1499285022477918,9.197167155382141e-05,True,1.5703429976250904,1.5431756389828415,1.0501631738560249,-0.5482283881931245,2.9445771566193333,10.287837593218944,3.5005439128534164,-1.8274279606437482,0.027724361017158472,1.5712570023749095,0.027724361017158472,0.5207368261439751,1.0226716118068755,0.18416240678105567,2.946322843380667,0.18416240678105567,1.7354560871465834,3.4085720393562515,jnt2,0.027724361017158472
25,0.5,xyz_roll_pitch,0.0,-0.35,-0.15,1.4198877748405543e-06,-0.34998175494940026,-0.14999044089360042,2.1061367448128342e-05,True,1.570794783234152,1.5438438637786371,1.0487306189304533,-0.549006684427146,2.945424307583259,10.292292425190915,3.495768729768178,-1.8300222814238198,0.027056136221362825,1.570805216765848,0.027056136221362825,0.5221693810695467,1.021893315572854,0.1797075748090844,2.9454756924167413,0.1797075748090844,1.740231270231822,3.40597771857618,jnt2,0.027056136221362825
26,0.52,xyz_roll_pitch,-0.0001505536000000004,-0.34990966784,-0.14996988928,-0.00014920346223745777,-0.3499167629148513,-0.14997351258668123,8.251272559489868e-06,True,1.571225237167554,1.5436041428375826,1.0492885319124399,-0.5486942530548351,2.946231459155361,10.290694285583884,3.497628439708133,-1.828980843516117,0.027295857162417336,1.570374762832446,0.027295857162417336,0.5216114680875601,1.0222057469451649,0.18130571441611565,2.9446685408446394,0.18130571441611565,1.7383715602918666,3.4070191564838828,jnt2,0.027295857162417336
27,0.54,xyz_roll_pitch,-0.0011313152000000028,-0.34932121087999995,-0.14977373696,-0.0011227335200976328,-0.34938133180233044,-0.14980475495484413,6.95573864521465e-05,True,1.574012320912581,1.5414970852680514,1.0540322759757432,-0.5460696492950297,2.9514575678090775,10.276647235120343,3.513440919919144,-1.8202321643167656,0.02940291473194856,1.567587679087419,0.02940291473194856,0.5168677240242567,1.0248303507049703,0.19535276487965625,2.9394424321909227,0.19535276487965625,1.7225590800808557,3.4157678356832344,jnt2,0.02940291473194856
28,0.56,xyz_roll_pitch,-0.003579724800000009,-0.34785216511999995,-0.14928405504,-0.0035591066848813897,-0.34800374771453435,-0.14936234590675487,0.00017529387581269394,True,1.58102569710944,1.5361142818281979,1.0661066913287487,-0.5393989167534398,2.964608470109582,10.240761878854652,3.5536889710958293,-1.7979963891781325,0.034785718171802094,1.5605743028905599,0.034785718171802094,0.5047933086712513,1.0315010832465603,0.23123812114534736,2.926291529890418,0.23123812114534736,1.6823110289041705,3.438003610821867,jnt2,0.034785718171802094
29,0.58,xyz_roll_pitch,-0.00793968639999999,-0.34523618816,-0.14841206272,-0.007905449727873127,-0.34550012273433367,-0.148548486181464,0.00030509685502193095,True,1.5936760384448851,1.5265582969315823,1.0874794597230146,-0.5276078764089436,2.9883293426680764,10.177055312877215,3.624931532410049,-1.7586929213631453,0.04434170306841767,1.5479239615551148,0.04434170306841767,0.48342054027698533,1.0432921235910564,0.29494468712278454,2.902570657331924,0.29494468712278454,1.6110684675899507,3.4773070786368545,jnt2,0.04434170306841767
30,0.6,xyz_roll_pitch,-0.014479999999999991,-0.341312,-0.14710399999999998,-0.014433614090210527,-0.3416878043252062,-0.14729835665955288,0.00043424266847906783,True,1.6130158727510855,1.5125871291137154,1.1186206100831702,-0.5104636647346313,3.024593798520693,10.083914194091436,3.7287353669439005,-1.7015455491154379,0.05831287088628456,1.5285841272489145,0.05831287088628456,0.4522793899168298,1.0604363352653685,0.38808580590856323,2.8663062014793073,0.38808580590856323,1.5072646330560993,3.534454450884562,jnt2,0.05831287088628456
31,0.62,xyz_roll_pitch,-0.023312793599999996,-0.33601232383999996,-0.14533744128,-0.023257606494169705,-0.33648111988934554,-0.14557998913036935,0.000541498644655667,True,1.6398091988089385,1.4945732496134694,1.1585592654607262,-0.4885604008923593,3.074834424918317,9.963821664089796,3.8618642182024208,-1.6285346696411978,0.07632675038653058,1.5017908011910615,0.07632675038653058,0.4123407345392738,1.0823395991076405,0.5081783359102037,2.816065575081683,0.5081783359102037,1.374135781797579,3.607465330358802,jnt2,0.07632675038653058
32,0.64,xyz_roll_pitch,-0.034411955200000004,-0.32935282688,-0.14311760896,-0.03435140834915874,-0.32988405825517525,-0.14339252621358642,0.0006134407663593648,True,1.674556675532074,1.4733521741428028,1.2051683570993883,-0.4631867061501912,3.1399900159986385,9.822347827618685,4.017227856997962,-1.5439556871673041,0.09754782585719712,1.467043324467926,0.09754782585719712,0.36573164290061166,1.1077132938498089,0.6496521723813142,2.7509099840013618,0.6496521723813142,1.2187721430020382,3.692044312832696,jnt2,0.09754782585719712
33,0.66,xyz_roll_pitch,-0.04763156480000002,-0.32142106111999996,-0.14047368704,-0.04756753216536221,-0.3219800487960941,-0.14076300453373805,0.0006454151289112445,True,1.7174723262827207,1.4500142028003626,1.2555782561549005,-0.4361205541895546,3.220461890648267,9.666761352002418,4.185260853849669,-1.4537351806318486,0.12088579719963732,1.4241276737172792,0.12088579719963732,0.3153217438450995,1.1347794458104454,0.8052386479975819,2.6704381093517333,0.8052386479975819,1.050739146150331,3.782264819368151,jnt2,0.12088579719963732
34,0.68,xyz_roll_pitch,-0.06272432640000003,-0.31236540415999997,-0.13745513471999998,-0.06265615322041514,-0.3129193080362274,-0.13774187056712306,0.0006397155378192214,True,1.7684164984153987,1.4257035077979252,1.3066054405839367,-0.4094012472097742,3.3159881837903593,9.504690051986168,4.355351468613122,-1.3646708240325809,0.14519649220207476,1.3731835015846012,0.14519649220207476,0.2642945594160633,1.1614987527902256,0.8806485313868775,2.574911816209641,0.9673099480138312,0.8806485313868775,3.8713291759674187,jnt2,0.14519649220207476
35,0.7000000000000001,xyz_roll_pitch,-0.07936000000000007,-0.30238399999999993,-0.13412799999999997,-0.07928442871499443,-0.302905322346137,-0.13439802766202769,0.0006028372619628628,True,1.8268020819133992,1.4014712626492467,1.355121570046085,-0.38510677387486203,3.425467995337332,9.34314175099498,4.517071900153617,-1.2836892462495402,0.16942873735075326,1.3147979180866007,0.16942873735075326,0.21577842995391494,1.185793226125138,0.7189280998463827,2.4654320046626683,1.1288582490050203,0.7189280998463827,3.9523107537504596,jnt2,0.16942873735075326
36,0.72,xyz_roll_pitch,-0.09714383359999999,-0.29171369984,-0.13057123328,-0.09705570314541512,-0.2921817289789134,-0.13081405181795377,0.0005432972587698953,True,1.891507067302663,1.3781987139618561,1.3983454171677798,-0.36513846467067956,3.5467974260316204,9.187991426412374,4.661151390559266,-1.217128215568932,0.17255458283222014,1.250092932697337,0.19270128603814385,0.17255458283222014,1.2057615353293203,0.5748486094407337,2.34410257396838,1.2840085735876254,0.5748486094407337,4.0188717844310675,jnt3,0.17255458283222014
37,0.74,xyz_roll_pitch,-0.11563499519999998,-0.28061900288,-0.12687300096,-0.11552845896999828,-0.28102000813988337,-0.12708178910431794,0.0004705053245933044,True,1.960840526727883,1.3565812287241183,1.4340703777418058,-0.3510092619761162,3.6768057879765292,9.04387485816079,4.780234592472686,-1.1700308732537208,0.13682962225819417,1.180759473272117,0.21431877127588161,0.13682962225819417,1.2198907380238837,0.45576540752731365,2.214094212023471,1.4281251418392102,0.45576540752731365,4.065969126746279,jnt3,0.13682962225819417
38,0.76,xyz_roll_pitch,-0.13436500480000002,-0.26938099711999997,-0.12312699903999999,-0.13423496932319365,-0.26970783146233746,-0.12329827835279705,0.00039446436600402133,True,2.0326083651236404,1.3371489963862648,1.4608376081372174,-0.34364980461862743,3.8113788957878123,8.9143266425751,4.869458693790725,-1.1454993487287581,0.11006239186278255,1.1089916348763595,0.23375100361373513,0.11006239186278255,1.2272501953813726,0.3665413062092746,2.079521104212188,1.5576733574248998,0.3665413062092746,4.090500651271242,jnt3,0.11006239186278255
39,0.78,xyz_roll_pitch,-0.15285616639999997,-0.25828630016000004,-0.11942876672000001,-0.1526996702892429,-0.2585377620322902,-0.11956189902707151,0.0003256997442843665,True,2.1042980608423028,1.320293370348048,1.478047128789403,-0.34327089165344227,3.9458054769216253,8.80195580232032,4.926823762631344,-1.1442363055114744,0.09285287121059693,1.0373019391576972,0.250606629651952,0.09285287121059693,1.2276291083465578,0.3091762373686562,1.945094523078375,1.6700441976796796,0.3091762373686562,4.091763694488526,jnt3,0.09285287121059693
40,0.8,xyz_roll_pitch,-0.17064000000000007,-0.24761599999999995,-0.11587199999999999,-0.17045731704440817,-0.24779605399549565,-0.1159686733648378,0.0002741279639901253,True,2.173352517848205,1.3062730342814004,1.4859867701939014,-0.34932819759078587,4.075290676632674,8.708486895209337,4.953289233979671,-1.1644273253026196,0.08491322980609861,0.9682474821517948,0.26462696571859956,0.08491322980609861,1.2215718024092141,0.28271076602032874,1.815609323367326,1.763513104790663,0.28271076602032874,4.07157267469738,jnt3,0.08491322980609861
41,0.8200000000000001,xyz_roll_pitch,-0.18727567360000003,-0.23763459584,-0.11254486527999999,-0.18707098815790515,-0.23775141202100883,-0.1126086504281052,0.0002448830560344164,True,2.237459177618765,1.2951931137785841,1.4857623076977107,-0.3606127865785921,4.195498176671226,8.634620758523894,4.952541025659036,-1.2020426219286404,0.08513769230228929,0.904140822381235,0.2757068862214158,0.08513769230228929,1.2102872134214078,0.2834589743409639,1.6954018233287744,1.8373792414761052,0.2834589743409639,4.033957378071359,jnt3,0.08513769230228929
42,0.84,xyz_roll_pitch,-0.2023684352000001,-0.22857893887999994,-0.10952631295999998,-0.2021499566799741,-0.22864370116472385,-0.10956227522053572,0.00023315816870158858,True,2.2947732479518255,1.286974041329975,1.4791295506141393,-0.3754499212760263,4.3029687754581385,8.579826942199833,4.930431835380465,-1.2514997375867543,0.09177044938586065,0.8468267520481745,0.2839259586700249,0.09177044938586065,1.1954500787239737,0.30556816461953495,1.5879312245418618,1.892173057800166,0.30556816461953495,3.9845002624132455,jnt3,0.09177044938586065
43,0.86,xyz_roll_pitch,-0.2155880448000001,-0.22064717311999996,-0.10688239103999998,-0.21536742419115906,-0.22067269657648575,-0.10689666883834445,0.00022662222437854642,True,2.3440292349964493,1.281339323193415,1.468249669765617,-0.39195579772268985,4.395329523713575,8.542262154622767,4.89416556588539,-1.3065193257422996,0.10265033023438286,0.7975707650035506,0.28956067680658504,0.10265033023438286,1.17894420227731,0.34183443411460956,1.4955704762864253,1.9297378453772325,0.34183443411460956,3.9294806742577,jnt3,0.10265033023438286
44,0.88,xyz_roll_pitch,-0.22668720640000017,-0.2139876761599999,-0.10466255871999997,-0.2264781744530418,-0.21398696780558366,-0.10466181733920712,0.00021394775363450764,True,2.384546959734483,1.2778439270692805,1.4554022809857283,-0.40829598965950437,4.471305006065035,8.518959513795204,4.851340936619095,-1.360986632198348,0.11549771901427164,0.7570530402655171,0.29305607293071945,0.11549771901427164,1.1626040103404955,0.38465906338090505,1.4195949939349655,1.9530404862047952,0.38465906338090505,3.875013367801652,jnt3,0.11549771901427164
45,0.9,xyz_roll_pitch,-0.23552000000000012,-0.20868799999999993,-0.10289599999999999,-0.23533629076078263,-0.2086729384045054,-0.10288675466037,0.00018946082196216464,True,2.416174639953871,1.2759445814291845,1.442694182182696,-0.42290640429694315,4.530610613076825,8.506297209527897,4.808980607275654,-1.4096880143231438,0.128205817817304,0.7254253600461289,0.2949554185708154,0.128205817817304,1.1479935957030567,0.42701939272434597,1.3602893869231751,1.9657027904721023,0.42701939272434597,3.826311985676856,jnt3,0.128205817817304
46,0.92,xyz_roll_pitch,-0.24206031360000002,-0.20476381184,-0.10158793728,-0.2419131838565766,-0.20474407838242054,-0.10157582092002085,0.00015316365983984677,True,2.439220113594897,1.2750932112708206,1.4317996654461302,-0.43465959296888723,4.573823576963992,8.500621408472139,4.772665551487101,-1.448865309896291,0.13910033455386972,0.7023798864051027,0.2958067887291793,0.13910033455386972,1.1362404070311127,0.4633344485128985,1.3170764230360081,1.971378591527861,0.4633344485128985,3.787134690103709,jnt3,0.13910033455386972
47,0.9400000000000001,xyz_roll_pitch,-0.24642027519999987,-0.2021478348800001,-0.10071594496000003,-0.24631612322500743,-0.20213019885601075,-0.10070507635581072,0.0001093423988837782,True,2.4544093052718257,1.274824606235112,1.423764996048765,-0.44297274069527437,4.602305091452889,8.498830708234081,4.745883320162551,-1.4765758023175812,0.1471350039512349,0.6871906947281743,0.2960753937648879,0.1471350039512349,1.1279272593047256,0.490116679837449,1.2885949085471111,1.9731692917659185,0.490116679837449,3.7594241976824185,jnt3,0.1471350039512349
48,0.96,xyz_roll_pitch,-0.24886868480000035,-0.2006787891199998,-0.10022626303999993,-0.24880733920381518,-0.2006668182859317,-0.10021887764913923,6.494280596087583e-05,True,2.462892502099419,1.274810966807725,1.4189037675241691,-0.447857985861836,4.618212079691391,8.498739778718168,4.729679225080564,-1.4928599528727868,0.15199623247583083,0.6787074979005809,0.296089033192275,0.15199623247583083,1.1230420141381638,0.5063207749194358,1.2726879203086092,1.9732602212818318,0.5063207749194358,3.7431400471272127,jnt3,0.15199623247583083
49,0.98,xyz_roll_pitch,-0.24984944640000006,-0.20009033215999997,-0.10003011072,-0.24982350160664066,-0.20008456340865022,-0.10002655896701867,2.800058130861799e-05,True,2.466301579214123,1.2748677672200655,1.4167955024213257,-0.449918231131375,4.624604498807656,8.49911844813377,4.722651674737753,-1.4997274371045834,0.15410449757867428,0.675298420785877,0.2960322327799345,0.15410449757867428,1.120981768868625,0.513348325262247,1.266295501192344,1.9728815518662302,0.513348325262247,3.736272562895416,jnt3,0.15410449757867428
50,1.0,xyz_roll_pitch,-0.25,-0.2,-0.1,-0.249995143615782,-0.1999985127125111,-0.09999908853296932,7.089146145742468e-06,True,2.4668465140413294,1.274914379126983,1.4163719745759717,-0.4503004403215138,4.62562631547221,8.499429194179887,4.721239915253239,-1.5010014677383794,0.15452802542402821,0.6747534859586706,0.29598562087301694,0.15452802542402821,1.1205995596784861,0.5147600847467606,1.2652736845277905,1.9725708058201121,0.5147600847467606,3.7349985322616206,jnt3,0.15452802542402821
51,1.02,xyz_roll_pitch,-0.2498494464,-0.20009033216000002,-0.10003011072000001,-0.24985270977056215,-0.20009073144170425,-0.10003035846646899,5.7856888229073525e-06,True,2.466343579698379,1.2749363736812853,1.416614019970872,-0.45003845933019,4.624683254637875,8.499575824541903,4.72204673323624,-1.5001281977673,0.15428598002912786,0.6752564203016211,0.29596362631871465,0.15428598002912786,1.12086154066981,0.5139532667637594,1.266216745362125,1.9724241754580962,0.5139532667637594,3.7358718022326998,jnt3,0.15428598002912786
52,1.04,xyz_roll_pitch,-0.2488686848,-0.20067878912,-0.10022626304,-0.2488916939851427,-0.20068265106063185,-0.10022863708704213,2.4576035831078457e-05,True,2.4630195879977204,1.275000953880217,1.4183922861444596,-0.4482004845831002,4.618450380644516,8.500006359201446,4.727974287148199,-1.4940016152770006,0.1525077138555404,0.6785804120022796,0.295899046119783,0.1525077138555404,1.1226995154168997,0.5080257128518006,1.2724496193554842,1.9719936407985532,0.5080257128518006,3.741998384722999,jnt3,0.1525077138555404
53,1.06,xyz_roll_pitch,-0.24642027519999998,-0.20214783488000002,-0.10071594496000001,-0.24647756461281412,-0.20215753403675474,-0.10072181276777087,6.0258101920791344e-05,True,2.4546642807315244,1.2751726258037734,1.4228106144977002,-0.44361887450941145,4.602783200321628,8.501150838691823,4.742702048325667,-1.4787295816980381,0.14808938550229978,0.6869357192684755,0.2957273741962265,0.14808938550229978,1.1272811254905886,0.4932979516743323,1.288116799678372,1.9708491613081769,0.4932979516743323,3.7572704183019616,jnt3,0.14808938550229978
54,1.08,xyz_roll_pitch,-0.2420603136,-0.20476381184000003,-0.10158793728000001,-0.2421600935241836,-0.2047799279371578,-0.10159742767688726,0.00010449945260869717,True,2.4396367950594255,1.275590999250994,1.4303952265865318,-0.43562606330440967,4.574604903542895,8.503939995006627,4.767984088621773,-1.4520868776813656,0.14050477341346812,0.7019632049405744,0.295309000749006,0.14050477341346812,1.1352739366955902,0.4680159113782265,1.3162950964571056,1.9680600049933723,0.4680159113782265,3.7839131223186344,jnt3,0.14050477341346812
55,1.1,xyz_roll_pitch,-0.23551999999999998,-0.20868800000000004,-0.10289600000000002,-0.23566337866031167,-0.20870829139853048,-0.10290740174334467,0.00014932918375548112,True,2.4167799600287796,1.2765355290866398,1.440945948823671,-0.4241406808632932,4.531745659157659,8.5102368605776,4.803153162745571,-1.4138022695443107,0.12995405117632886,0.7248200399712204,0.29436447091336015,0.12995405117632886,1.1467593191367067,0.43284683725442896,1.3591543408423412,1.9617631394224002,0.43284683725442896,3.822197730455689,jnt3,0.12995405117632886
56,1.12,xyz_roll_pitch,-0.22668720639999995,-0.21398767616000003,-0.10466255872000002,-0.22686880103135718,-0.21400664048685206,-0.10467219635631975,0.00018764663595588601,True,2.3853612887229216,1.2784311246611828,1.4535150995070896,-0.4096834109620971,4.4728319683535,8.522874164407886,4.845050331690299,-1.365611369873657,0.1173849004929104,0.7562387112770783,0.29246887533881716,0.1173849004929104,1.161216589037903,0.3909496683097009,1.4180680316465004,1.9491258355921133,0.3909496683097009,3.870388630126343,jnt3,0.1173849004929104
57,1.1400000000000001,xyz_roll_pitch,-0.21558804479999993,-0.22064717312000004,-0.10688239104000002,-0.2157976369952465,-0.22065607570952775,-0.10688488490687612,0.00021470682214052452,True,2.3450643982236636,1.281801351575607,1.4664967158392213,-0.3933348410131332,4.397270576080374,8.545342343837381,4.888322386130738,-1.311116136710444,0.10440328416077871,0.7965356017763363,0.2890986484243929,0.10440328416077871,1.1775651589868668,0.3476776138692621,1.493629423919626,1.926657656162618,0.3476776138692621,3.9248838632895557,jnt3,0.10440328416077871
58,1.16,xyz_roll_pitch,-0.20236843520000006,-0.22857893887999997,-0.10952631296,-0.20259326678105352,-0.2285663484049377,-0.10951516615886034,0.00022964583443050465,True,2.2960283759940383,1.287183409743805,1.4778154105193888,-0.3766318568155514,4.305322287631799,8.581222731625367,4.926051368397963,-1.2554395227185047,0.09308458948061116,0.8455716240059616,0.2837165902561949,0.09308458948061116,1.1942681431844486,0.3099486316020368,1.5855777123682016,1.8907772683746327,0.3099486316020368,3.980560477281495,jnt3,0.09308458948061116
59,1.18,xyz_roll_pitch,-0.18727567360000005,-0.23763459583999996,-0.11254486527999999,-0.18750278940851706,-0.2375873210045769,-0.11251318952803252,0.0002368151177225454,True,2.238915630784493,1.2950317597728058,1.4851883741383405,-0.36140215193725556,4.19822919704574,8.63354506515204,4.950627913794468,-1.2046738397908519,0.08571162586165948,0.9026843692155069,0.27586824022719414,0.08571162586165948,1.2094978480627443,0.28537208620553134,1.69267080295426,1.8384549348479595,0.28537208620553134,4.031326160209148,jnt3,0.08571162586165948
60,1.2,xyz_roll_pitch,-0.17064000000000004,-0.24761599999999998,-0.11587199999999999,-0.17085816971391585,-0.24752037396086166,-0.11581325493400224,0.00024626883131010686,True,2.174970062680992,1.3056418733115396,1.4864235440485398,-0.3495423799987455,4.078323762762032,8.704279155410264,4.954745146828467,-1.165141266662485,0.08447645595146014,0.9666299373190079,0.2652581266884604,0.08447645595146014,1.2213576200012546,0.2812548531715331,1.812576237237968,1.7677208445897357,0.2812548531715331,4.070858733337515,jnt3,0.08447645595146014
61,1.22,xyz_roll_pitch,-0.1528561664,-0.25828630016,-0.11942876672,-0.15305713261822054,-0.2581296616117333,-0.11933738986132042,0.0002707017640261047,True,2.10601526634204,1.3191155828495305,1.4797146108062706,-0.3427578029337823,3.94902543848123,8.794103885663537,4.932382036020902,-1.1425260097792742,0.09118538919372932,1.0355847336579598,0.2517844171504695,0.09118538919372932,1.2281421970662176,0.30361796397909746,1.94187456151877,1.6778961143364626,0.30361796397909746,4.093473990220725,jnt3,0.09118538919372932
62,1.24,xyz_roll_pitch,-0.13436500480000002,-0.26938099711999997,-0.12312699903999999,-0.13454403553633007,-0.26915322273248216,-0.12299890664584534,0.00031751633748435226,True,2.0343491248019125,1.335369711158454,1.4638921687738338,-0.34230244221633066,3.814643024192598,8.90246474105636,4.879640562579446,-1.1410081407211023,0.1070078312261662,1.1072508751980874,0.23553028884154603,0.1070078312261662,1.2285975577836692,0.3563594374205534,2.0762569758074023,1.56953525894364,0.3563594374205534,4.094991859278897,jnt3,0.1070078312261662
63,1.26,xyz_roll_pitch,-0.11563499519999998,-0.28061900288,-0.12687300096,-0.11579083410380059,-0.2803139582090785,-0.12670601888626598,0.00038398677600414154,True,1.962525826223599,1.3541677517046842,1.438595162961907,-0.3487757932634669,3.6799659220393757,9.027785011364562,4.795317209873024,-1.1625859775448897,0.13230483703809304,1.179074173776401,0.2167322482953158,0.13230483703809304,1.222124206736533,0.4406827901269761,2.2109340779606246,1.4442149886354372,0.4406827901269761,4.07341402245511,jnt3,0.13230483703809304
64,1.28,xyz_roll_pitch,-0.09714383360000003,-0.29171369983999995,-0.13057123327999998,-0.09727814290389596,-0.2913305229178685,-0.130365542133561,0.0004608744095674862,True,1.8930680197906318,1.3751450220722643,1.4043405816070709,-0.3620277466560933,3.549724394882115,9.167633480481763,4.68113527202357,-1.206759155520311,0.1665594183929291,1.2485319802093682,0.19575497792773566,0.1665594183929291,1.2088722533439067,0.5548647279764296,2.3411756051178854,1.3043665195182363,0.5548647279764296,4.0292408444796886,jnt3,0.1665594183929291
65,1.3,xyz_roll_pitch,-0.07935999999999993,-0.30238400000000004,-0.13412800000000002,-0.0794763786648974,-0.30192816556089125,-0.133886629499406,0.0005372432510736712,True,1.8281893732082592,1.3978084649201161,1.3624904895707297,-0.3811915082559366,3.428069329098555,9.31872309946744,4.541634965235766,-1.2706383608531222,0.17309153507988384,1.3134106267917407,0.17309153507988384,0.20840951042927025,1.1897084917440632,0.6943650347642336,2.4628306709014454,1.1532769005325587,0.6943650347642336,3.9653616391468773,jnt2,0.17309153507988384
66,1.32,xyz_roll_pitch,-0.06272432639999997,-0.31236540416,-0.13745513472,-0.06282704297735421,-0.3118495125875787,-0.13718445421360792,0.0006023404031362278,True,1.769603509288916,1.4215154336012004,1.315134563203599,-0.4048220919252147,3.3182139682897356,9.476769557341337,4.38378187734533,-1.349406973084049,0.1493845663987996,1.371996490711084,0.1493845663987996,0.25576543679640107,1.1660779080747852,0.8522181226546701,2.5726860317102647,0.9952304426586629,0.8522181226546701,3.8865930269159508,jnt2,0.1493845663987996
67,1.34,xyz_roll_pitch,-0.04763156479999997,-0.32142106112,-0.14047368704000002,-0.04772424903996481,-0.3208652302949536,-0.1401837543130997,0.0006460049679107568,True,1.718452516520325,1.4454545403860755,1.2649131172718615,-0.4310923374771903,3.2222998622169983,9.636363602573837,4.216377057572872,-1.436974458257301,0.1254454596139245,1.423147483479675,0.1254454596139245,0.30598688272813845,1.1398076625228097,0.8356363974261622,2.668600137783002,0.8356363974261622,1.0196229424271275,3.799025541742699,jnt2,0.1254454596139245
68,1.36,xyz_roll_pitch,-0.034411955200000066,-0.32935282687999995,-0.14311760895999998,-0.03449656150453925,-0.32878440610888254,-0.14282216132917147,0.0006590800317605549,True,1.6753379216670568,1.4686558910440382,1.2147976357172998,-0.4580020640845792,3.1414549440597352,9.791039273626922,4.049325452391,-1.5266735469485975,0.10224410895596181,1.4662620783329432,0.10224410895596181,0.35610236428270015,1.1128979359154207,0.6809607263730779,2.749445055940265,0.6809607263730779,1.186674547609,3.7093264530514025,jnt2,0.10224410895596181
69,1.3800000000000001,xyz_roll_pitch,-0.02331279359999966,-0.3360123238400002,-0.14533744128000006,-0.023389127918807453,-0.3354644118798031,-0.14505322504206916,0.0006344894334556973,True,1.640407874194309,1.4900503786934989,1.1678305024844045,-0.4835788913062574,3.0759570114275436,9.933669191289994,3.8927683416146817,-1.6119296376875247,0.08084962130650108,1.501192125805691,0.08084962130650108,0.4030694975155955,1.0873211086937427,0.5383308087100058,2.8149429885724566,0.5383308087100058,1.343231658385318,3.624070362312475,jnt2,0.08084962130650108
70,1.4000000000000001,xyz_roll_pitch,-0.014479999999999882,-0.34131200000000006,-0.147104,-0.014546003879284649,-0.3408200925482027,-0.14684908362847057,0.0005692192058515424,True,1.6134524096630747,1.5085851907110652,1.126816233990766,-0.5060712012765601,3.0254123563905395,10.057234604740435,3.7560541133025533,-1.6869040042552006,0.062314809288934736,1.5281475903369253,0.062314809288934736,0.44408376600923405,1.0648287987234397,0.4147653952595647,2.8654876436094607,0.4147653952595647,1.4799458866974464,3.549095995744799,jnt2,0.062314809288934736
71,1.42,xyz_roll_pitch,-0.007939686400000201,-0.34523618815999985,-0.14841206271999996,-0.007992471654193777,-0.3448326046513976,-0.14820297357123505,0.000466796345745354,True,1.593972545255758,1.5233883182612145,1.0939645735326204,-0.524140143481839,2.9888853276875267,10.15592212174143,3.646548578442068,-1.7471338116061301,0.047511681738785505,1.547627454744242,0.047511681738785505,0.4769354264673795,1.046759856518161,0.3160778782585698,2.9020146723124736,0.3160778782585698,1.5894514215579316,3.4888661883938696,jnt2,0.047511681738785505
72,1.44,xyz_roll_pitch,-0.003579724799999795,-0.3478521651200001,-0.14928405504000003,-0.003617078687781036,-0.34755885318342405,-0.14913205167127647,0.00033913104591440433,True,1.5812055745937617,1.5339567343462739,1.0705167651609897,-0.5370448941620611,2.964945761473395,10.22637822897516,3.568389217203299,-1.7901496472068705,0.036943265653726076,1.5603944254062383,0.036943265653726076,0.5003832348390103,1.0338551058379388,0.24562177102484029,2.925954238526605,0.24562177102484029,1.6676107827967006,3.445850352793129,jnt2,0.036943265653726076
73,1.46,xyz_roll_pitch,-0.0011313151999996496,-0.3493212108800002,-0.14977373696000007,-0.0011531081563389985,-0.3491429250888281,-0.14968125983093908,0.0002060615055249104,True,1.5741015160324936,1.5403261488421987,1.0564240622690053,-0.544794495619587,2.95162481911212,10.268840992281325,3.5214135408966847,-1.8159816520652903,0.030573851157801313,1.5674984839675064,0.030573851157801313,0.5144759377309946,1.0261055043804128,0.2031590077186749,2.93927518088788,0.2031590077186749,1.714586459103315,3.4200183479347093,jnt2,0.030573851157801313
74,1.48,xyz_roll_pitch,-0.00015055359999993634,-0.34990966784,-0.14996988928,-0.0001594693527904917,-0.34983005355663876,-0.14992850232082408,9.197177494788661e-05,True,1.5712546897014426,1.543175638913479,1.0501631746675453,-0.5482283874077518,2.9462866861080865,10.287837592756526,3.5005439155584845,-1.8274279580258395,0.027724361086520988,1.5703453102985574,0.027724361086520988,0.5207368253324547,1.0226716125922481,0.18416240724347333,2.9446133138919137,0.18416240724347333,1.7354560844415152,3.4085720419741605,jnt2,0.027724361086520988
75,1.5,xyz_roll_pitch,0.0,-0.35,-0.15,-1.419927018149608e-06,-0.3499817549177713,-0.14999044090266175,2.1061393868466586e-05,True,1.57080289738814,1.5438438637306606,1.048730619145803,-0.5490066842514126,2.9454395225729235,10.292292424871071,3.4957687304860103,-1.8300222808380422,0.027056136269339337,1.57079710261186,0.027056136269339337,0.522169380854197,1.0218933157485872,0.1797075751289281,2.9454604774270767,0.1797075751289281,1.7402312695139894,3.4059777191619576,jnt2,0.027056136269339337
76,1.52,xyz_roll_pitch,0.0001505536000000004,-0.34990966784,-0.14996988928,0.0001492034530788539,-0.34991676289238266,-0.14997351259825503,8.251570141659683e-06,True,1.5703724459060417,1.543604142825453,1.0492885320442784,-0.5486942529290535,2.944632375597303,10.29069428550302,3.497628440147595,-1.828980843096845,0.027295857174546967,1.5712275540939582,0.027295857174546967,0.5216114679557216,1.0222057470709465,0.18130571449697896,2.9462676244026973,0.18130571449697896,1.7383715598524048,3.4070191569031545,jnt2,0.027295857174546967
77,1.54,xyz_roll_pitch,0.0011313152000000028,-0.34932121087999995,-0.14977373696,0.0011227335631703002,-0.3493813316688271,-0.14980475503601542,6.955758473216702e-05,True,1.5675853825585702,1.541497085252126,1.0540322767017836,-0.5460696485498604,2.9394063051913935,10.276647235014174,3.513440922339279,-1.820232161832868,0.029402914747874043,1.5740146174414298,0.029402914747874043,0.5168677232982164,1.0248303514501396,0.19535276498582554,2.951493694808607,0.19535276498582554,1.722559077660721,3.415767838167132,jnt2,0.029402914747874043
78,1.56,xyz_roll_pitch,0.003579724800000009,-0.34785216511999995,-0.14928405504,0.0035591068244861354,-0.34800374735779244,-0.14936234610777224,0.00017529402422681567,True,1.5605720584478708,1.5361142817357305,1.0661066933025558,-0.5393989147793354,2.926255500558543,10.240761878238203,3.5536889776751863,-1.797996382597785,0.03478571826426946,1.5810279415521291,0.03478571826426946,0.5047933066974442,1.0315010852206645,0.23123812176179648,2.9646444994414574,0.23123812176179648,1.6823110223248134,3.438003617402215,jnt2,0.03478571826426946
79,1.58,xyz_roll_pitch,0.007939686400000019,-0.34523618815999996,-0.14841206272,0.007905450016321463,-0.34550012210381875,-0.14854848654668584,0.0003050970066067408,True,1.5479218102565608,1.5265582968655682,1.0874794630737548,-0.5276078729594699,2.9025348026562177,10.177055312437123,3.6249315435791827,-1.7586929098648996,0.044341703134431754,1.593678189743439,0.044341703134431754,0.4834205369262452,1.0432921270405302,0.29494468756287695,2.9883651973437826,0.29494468756287695,1.611068456420817,3.4773070901351,jnt2,0.044341703134431754
80,1.6,xyz_roll_pitch,0.014480000000000031,-0.34131199999999995,-0.14710399999999998,0.014433614448715864,-0.34168780328092263,-0.14729835721754517,0.0004342428551495257,True,1.5285821144171063,1.5125871289242756,1.1186206156250316,-0.5104636591132043,2.8662706064449774,10.083914192828505,3.728735385416772,-1.701545530377348,0.05831287107572436,1.6130178855828936,0.05831287107572436,0.4522793843749684,1.0604363408867956,0.3880858071714943,3.024629393555023,0.3880858071714943,1.5072646145832276,3.534454469622652,jnt2,0.05831287107572436
81,1.62,xyz_roll_pitch,0.02331279360000005,-0.33601232383999996,-0.14533744127999998,0.023257606938602602,-0.33648111844985207,-0.14557998994854826,0.0005414991324883871,True,1.5017889699318334,1.4945732497642357,1.158559272568852,-0.4885603932658771,2.81603032051722,9.963821665094905,3.8618642418961735,-1.6285346442195903,0.0763267502357643,1.6398110300681665,0.0763267502357643,0.4123407274311479,1.0823396067341229,0.5081783349050948,3.0748696794827803,0.5081783349050948,1.3741357581038263,3.6074653557804095,jnt2,0.0763267502357643
82,1.6400000000000001,xyz_roll_pitch,0.03441195520000007,-0.32935282687999995,-0.14311760895999998,0.03435140882733256,-0.3298840563176659,-0.14339252732241023,0.000613441821724332,True,1.467041710076285,1.4733521746715565,1.205168366183147,-0.4631866960457464,2.7508751360890398,9.822347831143711,4.017227887277157,-1.5439556534858214,0.09754782532844342,1.674558289923715,0.09754782532844342,0.36573163381685303,1.1077133039542535,0.6496521688562886,3.1400248639109605,0.6496521688562886,1.218772112722843,3.6920443465141783,jnt2,0.09754782532844342
83,1.6600000000000001,xyz_roll_pitch,0.0476315648000001,-0.3214210611199999,-0.14047368703999996,0.047567532569599065,-0.32198004636116845,-0.14076300595715124,0.000645417287202274,True,1.4241262976601556,1.4500142039501314,1.255578266954235,-0.43612054163206077,2.6704037083445633,9.666761359667543,4.18526088984745,-1.453735138773536,0.1208857960498686,1.7174737023398443,0.1208857960498686,0.31532173304576494,1.1347794583679391,0.8052386403324565,3.220496291655437,0.8052386403324565,1.0507391101525494,3.782264861226464,jnt2,0.1208857960498686
84,1.68,xyz_roll_pitch,0.06272432639999995,-0.31236540416,-0.13745513472,0.06265615341744965,-0.3129193050798312,-0.13774187232541513,0.0006397195460698784,True,1.373182365762803,1.425703509699772,1.306605453160205,-0.4094012320017103,2.5748778656718603,9.504690064665148,4.355351510534017,-1.3646707733390344,0.14519649030022785,1.768417634237197,0.14519649030022785,0.26429454683979503,1.1614987679982898,0.8806484894659832,3.31602213432814,0.9673099353348515,0.8806484894659832,3.8713292266609654,jnt2,0.14519649030022785
85,1.7,xyz_roll_pitch,0.07935999999999996,-0.302384,-0.134128,0.07928442856035592,-0.3029053188819255,-0.13439802976055099,0.0006028442119669914,True,1.3147970004416019,1.4014712653772325,1.3551215844485942,-0.38510675588182447,2.4653984632319554,9.343141769181551,4.5170719481619805,-1.2836891862727482,0.16942873462276742,1.826802999558398,0.16942873462276742,0.21577841555140576,1.1857932441181755,0.7189280518380192,3.425501536768045,1.128858230818448,0.7189280518380192,3.9523108137272516,jnt2,0.16942873462276742
86,1.72,xyz_roll_pitch,0.09714383359999999,-0.29171369984,-0.13057123328,0.0970557024469868,-0.29218172517148167,-0.130814054235799,0.0005433088020447567,True,1.250092185699111,1.3781987176130042,1.3983454329202634,-0.36513844429813136,2.3440693525203655,9.187991450753362,4.661151443067545,-1.2171281476604379,0.1725545670797366,1.891507814300889,0.1927012823869958,0.1725545670797366,1.2057615557018686,0.5748485569324551,3.5468306474796347,1.2840085492466375,0.5748485569324551,4.0188718523395615,jnt3,0.1725545670797366
87,1.74,xyz_roll_pitch,0.11563499519999998,-0.28061900288,-0.12687300096,0.11552845764760063,-0.2810200041742021,-0.12708179176843773,0.00047052363508113144,True,1.1807588257943333,1.35658123312359,1.4340703945253048,-0.35100923974189996,2.2140611771879493,9.0438748874906,4.780234648417683,-1.1700307991396666,0.13682960547469514,1.9608411742056666,0.21431876687640994,0.13682960547469514,1.2198907602581,0.45576535158231657,3.676838822812051,1.4281251125093988,0.45576535158231657,4.065969200860334,jnt3,0.13682960547469514
88,1.76,xyz_roll_pitch,0.13436500480000002,-0.26938099711999997,-0.12312699903999999,0.1342349673754354,-0.2697078276002759,-0.12329828118164243,0.00039449221991912374,True,1.108990999849335,1.337149001371285,1.460837625260021,-0.3436497814186166,2.0794880927232984,8.914326675808567,4.869458750866737,-1.1454992713953887,0.11006237473997893,2.032609000150665,0.23375099862871496,0.11006237473997893,1.2272502185813834,0.36654124913326314,3.811411907276702,1.5576733241914322,0.36654124913326314,4.090500728604611,jnt3,0.11006237473997893
89,1.78,xyz_roll_pitch,0.15285616639999997,-0.25828630016000004,-0.11942876672000001,0.15269966778821134,-0.25853775851883354,-0.11956190189423971,0.00032573991225055783,True,1.0373012252172955,1.3202933755326804,1.4780471457148467,-0.3432708684555504,1.9450613636176552,8.801955836884536,4.926823819049489,-1.144236228185168,0.09285285428515322,2.1042987747827047,0.2506066244673195,0.09285285428515322,1.2276291315444496,0.30917618095051047,3.945838636382345,1.6700441631154632,0.30917618095051047,4.091763771814832,jnt3,0.09285285428515322
90,1.8,xyz_roll_pitch,0.17064000000000007,-0.24761599999999995,-0.11587199999999999,0.1704573142041673,-0.24779605102996663,-0.11596867615099232,0.0002741813565436029,True,0.968246606719316,1.306273039371439,1.485986786136504,-0.34932817552414813,1.8155758610900354,8.708486929142927,4.95328928712168,-1.1644272517471606,0.08491321386349604,2.173353393280684,0.26462696062856095,0.08491321386349604,1.2215718244758518,0.2827107128783197,4.075324138909965,1.7635130708570728,0.2827107128783197,4.071572748252839,jnt3,0.08491321386349604
91,1.82,xyz_roll_pitch,0.18727567360000003,-0.23763459584,-0.11254486527999999,0.18707098522185558,-0.2377514097101011,-0.1126086530175012,0.0002449463516962665,True,0.9041397232544856,1.2951931184972079,1.4857623220116296,-0.360612766608608,1.6953679415985103,8.634620789981387,4.952541073372099,-1.2020425553620269,0.08513767798837035,2.2374602767455145,0.2757068815027921,0.08513767798837035,1.2102872333913919,0.28345892662790106,4.19553205840149,1.8373792100186126,0.28345892662790106,4.033957444637973,jnt3,0.08513767798837035
92,1.84,xyz_roll_pitch,0.20236843520000003,-0.22857893887999997,-0.10952631296,0.20214995388793242,-0.22864369949265387,-0.10956227751779729,0.00023322539401255844,True,0.8468253939998491,1.2869740454593788,1.4791295629069117,-0.37544990404375583,1.5878968573032985,8.579826969729192,4.930431876356373,-1.2514996801458529,0.0917704370930883,2.294774606000151,0.2839259545406212,0.0917704370930883,1.1954500959562442,0.30556812364362695,4.303003142696702,1.8921730302708077,0.30556812364362695,3.984500319854147,jnt3,0.0917704370930883
93,1.86,xyz_roll_pitch,0.21558804479999993,-0.22064717312000004,-0.10688239104000002,0.21536742204765827,-0.22067269543268128,-0.10689667063178832,0.00022668942437869895,True,0.7975691402090854,1.2813393263543211,1.4682496790827055,-0.3919557845284552,1.4955356088675895,8.542262175695475,4.894165596942352,-1.3065192817615174,0.10265032091729442,2.3440308597909145,0.28956067364567883,0.10265032091729442,1.1789442154715448,0.3418344030576481,4.395364391132411,1.9297378243045245,0.3418344030576481,3.9294807182384823,jnt3,0.10265032091729442
94,1.8800000000000001,xyz_roll_pitch,0.22668720640000034,-0.2139876761599998,-0.10466255871999994,0.22647817244925106,-0.2139869670259805,-0.10466181883083292,0.00021401595273096036,True,0.7570511677730632,1.2778439294260309,1.455402289276553,-0.4082959784616118,1.419559662053372,8.518959529506873,4.851340964255177,-1.3609865948720394,0.11549771072344694,2.384548832226937,0.2930560705739691,0.11549771072344694,1.1626040215383882,0.3846590357448232,4.4713403379466286,1.9530404704931268,0.3846590357448232,3.8750134051279606,jnt3,0.11549771072344694
95,1.9000000000000001,xyz_roll_pitch,0.23552000000000012,-0.20868799999999993,-0.10289599999999999,0.23533628916665758,-0.20867293795302996,-0.10288675581025786,0.00018953360547860056,True,0.7254232757115471,1.2759445832122576,1.4426941884216617,-0.4229063958807639,1.360253657812764,8.506297221415052,4.808980628072206,-1.409687986269213,0.1282058115783382,2.416176724288453,0.2949554167877424,0.1282058115783382,1.147993604119236,0.42701937192779393,4.530646342187236,1.965702778584948,0.42701937192779393,3.826312013730787,jnt3,0.1282058115783382
96,1.92,xyz_roll_pitch,0.2420603135999998,-0.20476381184000014,-0.10158793728000004,0.24191318274845008,-0.2047440782018185,-0.1015758217385723,0.00015324879703664646,True,0.7023776375023031,1.275093212667208,1.4317996693275308,-0.4346595874420166,1.317040385340902,8.500621417781387,4.772665564425103,-1.4488652914733888,0.13910033067246919,2.4392223624976967,0.29580678733279187,0.13910033067246919,1.1362404125579832,0.46333443557489673,4.573859614659098,1.9713785822186125,0.46333443557489673,3.7871347085266107,jnt3,0.13910033067246919
97,1.94,xyz_roll_pitch,0.2464202752000002,-0.20214783487999988,-0.10071594495999997,0.24631612257061894,-0.20213019885382819,-0.10070507685654057,0.00010945648047375302,True,0.6871883323197931,1.27482460722507,1.4237649979280596,-0.4429727377008131,1.2885586580157382,8.498830714833801,4.745883326426865,-1.4765757923360436,0.1471350020719404,2.4544116676802066,0.29607539277493,0.1471350020719404,1.127927262299187,0.4901166735731346,4.602341341984262,1.9731692851661986,0.4901166735731346,3.7594242076639564,jnt3,0.1471350020719404
98,1.96,xyz_roll_pitch,0.24886868480000035,-0.2006787891199998,-0.10022626303999993,0.2488073389383572,-0.20066681840039874,-0.10021887788652276,6.512953101704608e-05,True,0.6787050698838416,1.2748109674846382,1.4189037677352287,-0.44785798495219137,1.272651546753875,8.498739783230922,4.729679225784096,-1.4928599498406379,0.1519962322647712,2.4628949301161582,0.2960890325153618,0.1519962322647712,1.1230420150478087,0.5063207742159035,4.618248453246125,1.9732602167690771,0.5063207742159035,3.743140050159362,jnt3,0.1519962322647712
99,1.98,xyz_roll_pitch,0.24984944640000006,-0.20009033215999997,-0.10003011072,0.2498235015802352,-0.2000845639297098,-0.10002655899965482,2.842608192086681e-05,True,0.6752959662908385,1.2748677679502747,1.416795500411576,-0.44991823246009593,1.2662590779876965,8.49911845300183,4.722651668038587,-1.4997274415336532,0.15410449958842398,2.4663040337091613,0.2960322320497253,0.15410449958842398,1.120981767539904,0.5133483319614127,4.624640922012304,1.9728815469981686,0.5133483319614127,3.7362725584663465,jnt3,0.15410449958842398
100,2.0,xyz_roll_pitch,0.25,-0.2,-0.1,0.2499951438131047,-0.1999985129380656,-0.0999990884595155,8.615169970441867e-06,True,0.6747510255100648,1.2749143794349156,1.4163719728577866,-0.45030044182995876,1.2652372501595066,8.499429196232771,4.721239909525956,-1.5010014727665293,0.15452802714221336,2.466848974489935,0.2959856205650844,0.15452802714221336,1.1205995581700412,0.5147600904740441,4.625662749840494,1.972570803767228,0.5147600904740441,3.7349985272334703,jnt3,0.15452802714221336
