t,q_jnt,q_act_equiv,ee_solved_xyz,residual,joint_limit_margin,actuator_limit_margin_proxy
0.0,"[0.6747446831943159, 1.27497468573782, 1.416190933113277, -0.4505547168052535]","[1.2652253575741907, 8.499831238252133, 4.720636443710923, -1.5018490560175117]","[0.25000032037865044, -0.20000005427222964, -0.10000026715232341]",4.206641397447178e-07,0.15470906688672303,11.500168761747867
0.01,"[0.6748107257410993, 1.274982292028595, 1.4162028088652803, -0.4505608036678815]","[1.2653491950892544, 8.4998819468573, 4.720676029550934, -1.501869345559605]","[0.24998076615751905, -0.2000114876390772, -0.10000389164686807]",2.311718550923428e-07,0.1546971911347197,11.5001180531427
0.02,"[0.6752545951270754, 1.2750415851276047, 1.4162751350439422, -0.450594539256446]","[1.2661815022071543, 8.500277234184031, 4.7209171168131405, -1.5019817975214866]","[0.24985056079776985, -0.20008927041937233, -0.10003011305424844]",1.5392144095741396e-06,0.15462486495605776,11.499722765815969
0.03,"[0.6764156866244736, 1.27519659210972, 1.4164631325047277, -0.4506820509586808]","[1.2683586848386905, 8.5013106140648, 4.721543775015759, -1.5022735031956027]","[0.24951034947618808, -0.20029276171837093, -0.10009851531069525]",4.027443091331928e-06,0.1544368674952723,11.4986893859352
0.04,"[0.6785903370238959, 1.275487398364478, 1.4168113851853334, -0.4508434322082513]","[1.2724364091953795, 8.503249322429854, 4.722704617284445, -1.502811440694171]","[0.2488741490774186, -0.2006735833602611, -0.10022624994911275]",7.547081127037406e-06,0.1540886148146665,11.496750677570146
0.05,"[0.6820350936519604, 1.2759503073985667, 1.4173531218756086, -0.45109239348681285]","[1.2788957315806495, 8.506335382657111, 4.724510406252029, -1.5036413116227096]","[0.2478686616732628, -0.201275746204538, -0.10042793083439416]",1.1964719266297814e-05,0.15354687812439138,11.493664617342889
0.06,"[0.6869703390585253, 1.2766189622110515, 1.4181084480349624, -0.45143494325618233]","[1.288149895103179, 8.51079308140701, 4.727028160116541, -1.5047831441872745]","[0.24643269511761717, -0.20213599270733482, -0.10071574034357036]",1.7161971767043086e-05,0.15279155196503758,11.48920691859299
0.07,"[0.6935836739532417, 1.2775253488761282, 1.4190828231939476, -0.45186795002474694]","[1.3005506730793956, 8.51683565917419, 4.730276077313159, -1.50622650008249]","[0.24451658906723428, -0.20328414585601173, -0.10109955417461011]",2.3035030955468934e-05,0.15181717680605233,11.48316434082581
0.08,"[0.7020328243789132, 1.2787005048022773, 1.4202656625558656, -0.45237866310945385]","[1.3163938203242327, 8.524670032015182, 4.734218875186219, -1.507928877031513]","[0.24208163319717324, -0.2047434509380247, -0.10158703429232285]",2.94941848441737e-05,0.15063433744413435,11.475329967984818
0.09,"[0.7124479117597385, 1.2801749548490446, 1.4216297298539673, -0.45294383034915936]","[1.3359233297576196, 8.534499698993631, 4.738765766179891, -1.5098127678305313]","[0.23909949757682497, -0.20653093151142082, -0.10218377645615373]",3.6461682466878293e-05,0.14927027014603267,11.465500301006369
0.1,"[0.7249329507169316, 1.2819786415580785, 1.4231310551728036, -0.45352977629659413]","[1.3593342409843083, 8.546524277053857, 4.743770183909345, -1.5117659209886471]","[0.23555165237956366, -0.20865773487156594, -0.10289341400727736]",4.386956222181598e-05,0.14776894482719638,11.453475722946143
0.11,"[0.7395665156383341, 1.2841405228082068, 1.4247095102120069, -0.4540928608035781]","[1.3867738901900133, 8.560936818721379, 4.74903170070669, -1.5136428693452604]","[0.2314287909924533, -0.21112948222546962, -0.10371774027798664]",5.1656209378118265e-05,0.1461904897879931,11.439063181278621
0.12,"[0.7564015593614599, 1.286687816148416, 1.426290056878858, -0.45458044857835644]","[1.4183415701508717, 8.577918774322775, 4.754300189596194, -1.515268161927855]","[0.22673025155933715, -0.2139466179411187, -0.10465682794504996]",5.9762068752630326e-05,0.14460994312114206,11.422081225677225
0.13,"[0.7754644309327161, 1.289644990882328, 1.4277846294823928, -0.45493235023345047]","[1.4540866884168688, 8.597633272548853, 4.759282098274643, -1.516441167444835]","[0.2214634373786398, -0.21710475807682372, -0.10570914785353405]",6.812462780905802e-05,0.14311537051760714,11.402366727451147
0.14,"[0.7967532058940484, 1.2930326286768998, 1.4290945930369787, -0.4550826767979745]","[1.494005636403616, 8.620217524512666, 4.763648643456596, -1.5169422559932484]","[0.21564323622904807, -0.22059503775321337, -0.1068716871904268]",7.667308984273945e-05,0.14180540696302124,11.379782475487334
0.15,"[0.8202355166920915, 1.2968662915485267, 1.430113700301027, -0.45496202883006215]","[1.5380377211552438, 8.645775276990179, 4.76704566767009, -1.5165400961002071]","[0.20929143897186253, -0.22440445680676752, -0.10814006682422575]",8.532350050289848e-05,0.14078629969897305,11.354224723009821
0.16,"[0.8458461509715852, 1.3011555401968802, 1.4307314519720518, -0.45449992720130944]","[1.5860606618630888, 8.674370267979201, 4.76910483990684, -1.514999757337698]","[0.20243615792567912, -0.22851622339002634, -0.1095086577185001]",9.397503822012214e-05,0.1401685480279482,11.325629732020799
0.17,"[0.8734847619924674, 1.3059032311806325, 1.430836751957702, -0.4536273791336557]","[1.6378862966294157, 8.706021541204217, 4.769455839859007, -1.5120912637788524]","[0.19511124599964932, -0.23291009512749355, -0.11097069636836521]",0.00010250851642451665,0.14006324804229786,11.293978458795783
0.18,"[0.9030140999868695, 1.3111051896126626, 1.4303217370316599, -0.45227946786786916]","[1.6932572660545089, 8.740701264084418, 4.767739123438867, -1.5075982262262306]","[0.18735571753432795, -0.23756271795647027, -0.11251839933951155]",0.000110787668850606,0.14057826296834008,11.259298735915582
0.19,"[0.9342592059300776, 1.3167503069363473, 1.4290856446151519, -0.4503978631533937]","[1.751845501462737, 8.77833537957565, 4.76361881538384, -1.5013262105113123]","[0.17921317199937997, -0.24244796308578564, -0.11414307705456703]",0.00011866365841729441,0.1418143553848481,11.22166462042435
0.2,"[0.9670079943961325, 1.32282104887505, 1.4270385863888475, -0.44793313924310774]","[1.8132533178251125, 8.818806992500335, 4.7567952879628255, -1.4931104641436925]","[0.1707312214368393, -0.24753726295744843, -0.11583524694275507]",0.00012598277511487947,0.14386141361115246,11.181193007499665
0.21,"[1.0010135747860929, 1.329294300495937, 1.4241050760447147, -0.4448468237236777]","[1.87701776633432, 8.861962003306248, 4.747016920149049, -1.4828227457455923]","[0.16196092196629328, -0.25279994772170056, -0.11758474640429217]",0.00013259646051114497,0.14679492395528526,11.138037996693752
0.22,"[1.0359985127136178, 1.3361424129892336, 1.4202271761532126, -0.44111309966401097]","[1.942618625002096, 8.907616086594892, 4.734090587177375, -1.4703769988800366]","[0.1529562089990878, -0.2582035838054272, -0.11938084565642051]",0.00013837248744110462,0.15067282384678737,11.092383913405108
0.23,"[1.0716610264066389, 1.34333427999719, 1.415367140286847, -0.4367201021713688]","[2.00949001763855, 8.955561866647933, 4.717890467622824, -1.4557336739045628]","[0.14377333499688055, -0.26371431619072466, -0.12121236082455852]",0.00014320555500961607,0.1555328597131529,11.044438133352067
0.24,"[1.1076828725979542, 1.3508362688492708, 1.4095094214766868, -0.4316708155252134]","[2.0770352008212156, 9.005575125661805, 4.698364738255623, -1.4389027184173782]","[0.13447030764211676, -0.26929721546266144, -0.12306776723448459]",0.0001470253768873463,0.16139057852331318,10.994424874338195
0.25,"[1.143738441390724, 1.3586128632416132, 1.4026619223572139, -0.42598363505621506]","[2.144643617833722, 9.057419088277422, 4.675539741190713, -1.4199454501873836]","[0.12510632623767856, -0.2749166297773392, -0.12493531291159604]",0.0001498008085811681,0.1682380776427861,10.942580911722578
0.26,"[1.1795044008938158, 1.366626856247181, 1.3948566495668715, -0.41969225502391044]","[2.2117089834873727, 9.11084570831454, 4.649522165222905, -1.398974183413035]","[0.11574121407532431, -0.28053654184849636, -0.12680313346941424]",0.00015153790757618056,0.17604335043312846,10.88915429168546
0.27,"[1.2146691411663728, 1.3748391329342002, 1.3861495259266896, -0.4128453043891724]","[2.277646992623988, 9.165594219561335, 4.6204984197556325, -1.3761510146305747]","[0.10643484517930799, -0.28612092776333314, -0.128659365788711]",0.00015227361855182377,0.18475047407331036,10.834405780438665
0.28,"[1.2489412953862624, 1.3832080709099785, 1.3766194927433506, -0.40550556626794093]","[2.3419112983053862, 9.221387139399857, 4.5887316424778355, -1.3516852208931365]","[0.09724656516685957, -0.2916341166161207, -0.1304922621956408]",0.00015206477737231893,0.18769192909002141,10.778612860600143
0.29,"[1.2820567465181831, 1.3916886669032902, 1.3663670214511388, -0.3977487023639645]","[2.404006650137227, 9.277924446021935, 4.554556738170462, -1.3258290078798816]","[0.08823460686677381, -0.29704114851146546, -0.13229030460055202]",0.00015097450385021208,0.17921133309670978,10.722075553978065
0.3,"[1.3137837363693419, 1.400231601658279, 1.3555119786733554, -0.3896617211743273]","[2.463498474347163, 9.334877344388527, 4.518373262244518, -1.2988724039144244]","[0.0794555024054007, -0.3023081286363946, -0.13404231758943305]",0.00014905921217150093,0.17066839834172098,10.665122655611473
0.31,"[1.3439259371232044, 1.4087824242652323, 1.3441909855527001, -0.3813411062209924]","[2.520018633270588, 9.391882828434882, 4.480636618509001, -1.2711370207366413]","[0.07096349391789102, -0.3074025769424689, -0.1357375811472609]",0.00014635809496669987,0.1621175757347677,10.608117171565118
0.32,"[1.3723235739574242, 1.4172810478725286, 1.3325543321660338, -0.3728906559492568]","[2.5732675303908197, 9.448540319150192, 4.44184777388678, -1.2429688531641894]","[0.06280994491676141, -0.31229377305645756, -0.13736594273479477]",0.0001428872129759893,0.15361895212747134,10.551459680849808
0.33,"[1.3988528688167914, 1.4256617148661113, 1.3207625020233298, -0.3644190815795041]","[2.623013067348193, 9.504411432440742, 4.4025416734111, -1.2147302719316804]","[0.05504275393300515, -0.316953097040228, -0.13891792866666314]",0.00013863919141803203,0.1452382851338887,10.495588567559258
0.34,"[1.4234241896918118, 1.4338535411260065, 1.308982351719661, -0.3560374105334026]","[2.6690871736204986, 9.55902360750671, 4.363274505732203, -1.1867913684446754]","[0.04770577151757344, -0.3213543670066981, -0.14038485505759202]",0.00013358840810728215,0.13704645887399347,10.44097639249329
0.35000000000000003,"[1.4459793377462182, 1.4417816903269112, 1.2973829878226313, -0.34785624363607204]","[2.7113807195691324, 9.61187793551274, 4.324609959408771, -1.1595208121202403]","[0.04083822064942785, -0.32547417481101515, -0.14175893830405856]",0.00012770062904107445,0.1291183096730888,10.38812206448726
0.36,"[1.4664883934522068, 1.4493691732896983, 1.2861313857502439, -0.33998291288029797]","[2.7498376025730487, 9.662461155264655, 4.28710461916748, -1.1332763762676599]","[0.03447412048003981, -0.3292922210652415, -0.14303340554082986]",0.0001209454530973946,0.12153082671030169,10.337538844735345
0.37,"[1.4849464951749272, 1.4565392149412697, 1.275387801947582, -0.3325186022970789]","[2.7844487064971446, 9.710261432941799, 4.2512926731586065, -1.1083953409902632]","[0.02864171258100495, -0.3327916504728665, -0.144202605323696]",0.00011330970937746669,0.11436078505873026,10.289738567058201
0.38,"[1.5013708533638723, 1.4632180827657935, 1.2653010621293541, -0.32555548323471567]","[2.815246302951195, 9.754787218438624, 4.217670207097847, -1.0851849441157189]","[0.02336288894824106, -0.3359593883614715, -0.14526211886409537]",0.00010481018624246903,0.1076819172342065,10.245212781561376
0.39,"[1.515798228908719, 1.4693382359426548, 1.2560038269196103, -0.3191739384758623]","[2.84229932291153, 9.795588239617699, 4.186679423065368, -1.0639131282528744]","[0.01865262089242218, -0.33878647912800663, -0.1462088723623262]",9.550416974577783e-05,0.10156176405734518,10.204411760382301
0.4,"[1.5282830342067673, 1.4748416229510863, 1.2476079779821028, -0.3134399413160922]","[2.8657097959999387, 9.832277486340576, 4.158693259940343, -1.0447998043869742]","[0.014518388050779964, -0.34126842704202237, -0.14704125082755234]",8.549680551042111e-05,0.09605837704891362,10.167722513659424
0.41000000000000003,"[1.5388961559137322, 1.4796829399191045, 1.2402002921158555, -0.3084026647875369]","[2.8856106430034356, 9.86455293279403, 4.134000973719519, -1.028008882625123]","[0.01095960692781253, -0.3434055397762221, -0.1477592138224049]",7.494456483433782e-05,0.09121706008089547,10.13544706720597
0.42,"[1.5477245461630402, 1.4838326638768473, 1.2338385544795083, -0.30409245445835087]","[2.9021649093625355, 9.892217759178983, 4.112795181598361, -1.0136415148611697]","[0.007967060062422152, -0.34520327537802187, -0.14836441248119467]",6.40555529998936e-05,0.08706733612315265,10.107782240821017
0.43,"[1.5548716225505688, 1.487279665299927, 1.228548450947759, -0.30051895040079873]","[2.9155665151895156, 9.91519776866618, 4.095161503159197, -1.001729834669329]","[0.005522316223944394, -0.346672588747996, -0.14886031366616104]",5.308040117858367e-05,0.08362033470007302,10.08480223133382
0.44,"[1.5604583870336552, 1.4900332716554616, 1.2243211107193286, -0.29766993759848487]","[2.926042353335187, 9.933555144369745, 4.081070369064429, -0.9922331253282829]","[0.0035971668119084413, -0.347830286763486, -0.14925231477078488]",4.2312302619900334e-05,0.08086672834453834,10.066444855630255
0.45,"[1.564625321904144, 1.4921247130209399, 1.2211116155195365, -0.2955105089873101]","[2.933855844560555, 9.947498086806267, 4.0703720517317885, -0.9850350299577004]","[0.0021530424296243977, -0.34869937862542233, -0.14954787296085575]",3.207006518936485e-05,0.07877528697906011,10.052501913193733
0.46,"[1.5675349031030201, 1.4936078672725082, 1.2188384538121722, -0.2939826866649488]","[2.939311650296306, 9.957385781816722, 4.062794846040574, -0.9799422888831627]","[0.0011404392439275477, -0.3493094297640292, -0.14975662713779236]",2.268895958569297e-05,0.0772921327274918,10.042614218183278
0.47000000000000003,"[1.5693746571936824, 1.4945593889741162, 1.2173838202072733, -0.293005452104601]","[2.9427614048259563, 9.963729259827442, 4.057946067357578, -0.97668484034867]","[0.0004983427401822548, -0.34969691480040876, -0.14989052116934742]",1.4510060591949469e-05,0.07634061102588374,10.036270740172558
0.48,"[1.5703606021625647, 1.4950783445322262, 1.2165945717028457, -0.29247510144849714]","[2.944610167190258, 9.967188963548175, 4.055315239009486, -0.9749170048283239]","[0.00015365131328351437, -0.34990556906246023, -0.14996392548094248]",7.871639226114476e-06,0.07582165546777375,10.032811036451825
0.49,"[1.5707408645338592, 1.4952855575620476, 1.2162835403982606, -0.292265778864445]","[2.9453232037012174, 9.968570383746984, 4.0542784679942026, -0.9742192628814833]","[2.0599856612976804e-05, -0.3499867377523347, -0.14999375588932612]",3.1040285195384856e-06,0.07561444243795234,10.031429616253016
0.5,"[1.5707991995642547, 1.4953229369993497, 1.2162307900962452, -0.2922299858059963]","[2.9454325887197728, 9.968819579995666, 4.054102633654151, -0.9740999526866544]","[1.8333809601440287e-07, -0.34999972208853813, -0.1499995887264136]",5.29144215624836e-07,0.07557706300065026,10.031180420004334
0.51,"[1.5708546691902092, 1.4952981259934803, 1.2162709687027156, -0.29225676935337536]","[2.9455366007691905, 9.968654173289869, 4.0542365623423855, -0.9741892311779179]","[-1.9230473075188758e-05, -0.34998856345603, -0.14999641514155268]",4.0079990458371244e-07,0.07560187400651963,10.031345826710131
0.52,"[1.5712266440612075, 1.495116598075724, 1.2165562740528462, -0.2924476903100339]","[2.946234097245842, 9.967443987171494, 4.055187580176154, -0.9748256343667798]","[-0.0001493848717155412, -0.3499111407174712, -0.14997201673148822]",2.8392505495019116e-06,0.07578340192427602,10.032556012828506
0.53,"[1.5721994886934854, 1.4946376676945266, 1.2173053870868413, -0.29294952687306874]","[2.948058294943719, 9.96425111796351, 4.057684623622805, -0.9764984229102291]","[-0.0004895117642581868, -0.3497083300530922, -0.1499070819669117]",7.457456675258593e-06,0.07626233230547341,10.03574888203649
0.54,"[1.5740218824073666, 1.4937382177027776, 1.2187076417378695, -0.29389023137288056]","[2.951475496732358, 9.958254784685185, 4.062358805792899, -0.9796341045762685]","[-0.0011256000199012408, -0.34932845641508775, -0.149784218345892]",1.3964974489314259e-05,0.07716178229722237,10.041745215314815
0.55,"[1.576910295797059, 1.4923165682881905, 1.2209188988077055, -0.2953753516518308]","[2.9568916103451324, 9.948777121921271, 4.069729662692352, -0.9845845055061028]","[-0.002130958848943651, -0.3487274255460218, -0.14958853429598865]",2.2037886880594967e-05,0.07858343171180948,10.051222878078729
0.56,"[1.5810526069312179, 1.490293372936271, 1.2240594156807887, -0.2974886856253886]","[2.964658929179107, 9.935289152908474, 4.080198052269296, -0.9916289520846288]","[-0.003566792721012796, -0.34786838876839493, -0.1493075332363627]",3.133163159845055e-05,0.0806066270637289,10.064710847091526
0.5700000000000001,"[1.5866115498731048, 1.4876120257404546, 1.228213273148687, -0.3002908739495693]","[2.9750825986744887, 9.917413504936365, 4.094044243828957, -1.0009695798318978]","[-0.005482776750934523, -0.3467214103351366, -0.1489310231129597]",4.1506908147886114e-05,0.08328797425954537,10.082586495063635
0.58,"[1.5937277847627396, 1.4842386105054532, 1.2334279033396174, -0.3038194949435428]","[2.988426373078454, 9.894924070036355, 4.111426344465391, -1.0127316498118095]","[-0.007917632009143463, -0.3452631237775928, -0.14845099758432032]",5.222879771541954e-05,0.08666138949454671,10.105075929963645
0.59,"[1.6025224352951162, 1.4801612587078072, 1.239714549779869, -0.30808928402314334]","[3.0049173735141874, 9.867741724718716, 4.132381832599563, -1.0269642800771446]","[-0.010899701183712234, -0.3434763944948733, -0.14786153066843272]",6.317922824901389e-05,0.09073874129219273,10.132258275281284
0.6,"[1.6130989824435435, 1.4753888229931917, 1.2470496687512749, -0.3130928143304141]","[3.0247496389340776, 9.835925486621278, 4.1568322291709165, -1.0436427144347136]","[-0.014447524756017625, -0.3413499819598372, -0.1471586702262769]",7.406824141260972e-05,0.09551117700680822,10.164074513378722
0.61,"[1.6255444387693985, 1.4699488872031288, 1.2553772583526293, -0.31880165280125106]","[3.048086328088128, 9.799659248020859, 4.184590861175431, -1.0626721760041702]","[-0.018570417969546164, -0.3388782010878493, -0.1463403308622861]",8.464405019003229e-05,0.10095111279687119,10.200340751979141
0.62,"[1.6399297574366898, 1.4638851986635444, 1.2646120199742195, -0.32516797870212355]","[3.075060486474198, 9.759234657756963, 4.215373399914065, -1.0838932623404118]","[-0.023269048811767824, -0.33606058192822547, -0.14540618555998747]",9.470071598278705e-05,0.10701480133645558,10.240765342243037
0.63,"[1.6563094581847142, 1.4572546620683575, 1.2746432024376062, -0.3321266165797146]","[3.105774344992901, 9.715031080455717, 4.248810674792021, -1.107088721932382]","[-0.028536017101857863, -0.33290152691449365, -0.14435755534156763]",0.0001040823145875108,0.11364533793164244,10.284968919544283
0.64,"[1.6747204836759457, 1.450124031471709, 1.2853391280561701, -0.33959709643075686]","[3.140297175465865, 9.667493543144728, 4.284463760187234, -1.1319903214358562]","[-0.034356434872704816, -0.3294099661319714, -0.14319729803708234]",0.00011268429289411594,0.12077596852829098,10.332506456855272
0.65,"[1.6951803332169972, 1.4425667050321413, 1.2965512676967035, -0.3474873176865031]","[3.178661791143816, 9.617111366880943, 4.321837558989012, -1.1582910589550104]","[-0.040708506284353324, -0.32559900574063233, -0.1419296887403371]",0.00012044493643713943,0.1283332949678586,10.382888633119057
0.66,"[1.7176845779371432, 1.4346594212880648, 1.308119549326645, -0.355695426705096]","[3.2208598873751044, 9.564396141920433, 4.360398497755484, -1.18565142235032]","[-0.04756411007198698, -0.3214855813185697, -0.14056031029689675]",0.00012734435594164675,0.13624057871193518,10.435603858079567
0.67,"[1.7422039040320576, 1.4264793949435404, 1.3198769622226778, -0.36411307686637756]","[3.266836497341192, 9.509862632956937, 4.399589874075593, -1.2137102562212585]","[-0.05488937953809453, -0.31709010158039147, -0.1390959310690443]",0.00013338970618797754,0.1444206050564596,10.490137367043063
0.68,"[1.7686809144292208, 1.4181018939690475, 1.3316541846188583, -0.37262840715340445]","[3.3164839948044644, 9.454012626460317, 4.438847282062861, -1.2420946905113481]","[-0.06264528232459897, -0.3124360937378539, -0.13754438681831177]",0.0001386034607296453,0.15279810603095245,10.545987373539683
0.6900000000000001,"[1.7970269843108972, 1.4095983826531309, 1.3432840080111794, -0.3811289786754167]","[3.3696361978452978, 9.397322551020872, 4.477613360037265, -1.2704299289180556]","[-0.07078819790058319, -0.30754984730998663, -0.13591446113743386]",0.00014301046530083413,0.1613016173468691,10.602677448979128
0.7000000000000001,"[1.82711953832596, 1.4010352973827145, 1.3546054936513645, -0.3895046086325856]","[3.426063263315132, 9.340235315884764, 4.515351645504548, -1.298348695441952]","[-0.07927049226279034, -0.3024600579926242, -0.1342157656367521]",0.00014662626046158645,0.16986470261728548,10.659764684115236
0.71,"[1.8588001660960154, 1.3924734621053712, 1.365467818559083, -0.39765004410267796]","[3.4854681531896032, 9.283156414035808, 4.551559395196944, -1.3255001470089265]","[-0.08804108924293222, -0.29719747270026164, -0.13245862013410303]",0.00014944841682662706,0.1784265378946288,10.716843585964192
0.72,"[1.8918740048127596, 1.3839680932617027, 1.375733768767765, -0.40546742590017126]","[3.5474854768662283, 9.226453955078018, 4.585779229225884, -1.3515580863339043]","[-0.09704603831893513, -0.29179453714658643, -0.13065393322371904]",0.0001514525266406449,0.1869319067382973,10.773546044921982
0.73,"[1.9261107749917081, 1.3755692837804157, 1.3852828379272708, -0.412868490898871]","[3.6116834333240355, 9.170461891869438, 4.61760945975757, -1.3762283029962368]","[-0.10622907948041316, -0.28628504710922226, -0.12881308325279628]",0.0001525935733410836,0.18561716207272916,10.829538108130562
0.74,"[1.9612477456788528, 1.367322809285793, 1.3940138701154925, -0.41977647898043585]","[3.677569371233551, 9.11548539523862, 4.646712900384975, -1.3992549299347863]","[-0.11553220638035615, -0.28070380430860953, -0.12694779992920935]",0.00015281266155906255,0.17688612988450747,10.88451460476138
0.75,"[1.9969947292796157, 1.3592710631583522, 1.4018471842453004, -0.4261277036126655]","[3.7445991548464574, 9.061807087722348, 4.672823947484335, -1.4204256787088851]","[-0.12489622953233756, -0.2750862771506331, -0.12507004653159565]",0.00015204793082717499,0.16905281575469955,10.938192912277652
0.76,"[2.033040980352941, 1.3514539726309198, 1.4087259221922714, -0.43187306573522916]","[3.8121901000430167, 9.009693150872799, 4.695753073974238, -1.4395768857840971]","[-0.13426134116973507, -0.26946826522536815, -0.12319190166069055]",0.00015024719839905562,0.16217407780772852,10.990306849127201
0.77,"[2.069063637315369, 1.3439094307763335, 1.414617566160257, -0.43697778573666435]","[3.8797368035165363, 8.959396205175556, 4.715391887200856, -1.4565926191222145]","[-0.14356768727105945, -0.263885569962901, -0.12132544741963405]",0.00014738264976723572,0.15628243383974305,11.040603794824444
0.78,"[2.1047371168344835, 1.3366737141311495, 1.419513388093191, -0.44142303516921316]","[3.946628758362054, 8.911158094207664, 4.73171129364397, -1.4714101172307106]","[-0.15275593892574726, -0.2583736591289659, -0.11948264503120379]",0.00014345734025148464,0.15138661190680902,11.088841905792336
0.79,"[2.1397427619715574, 1.3297812308438062, 1.4234280720361099, -0.4452055371223066]","[4.012268445474512, 8.865208205625375, 4.744760240120367, -1.4840184570743553]","[-0.16176787580307178, -0.25296733702965923, -0.11767522419703783]",0.000138513110866914,0.14747192796389008,11.134791794374625
0.8,"[2.1737779819516825, 1.3232638524933102, 1.4263985366018002, -0.44833689940066374]","[4.076088471688886, 8.82175901662207, 4.754661788672667, -1.494456331335546]","[-0.17054697169503608, -0.24770040787853062, -0.11591456619045107]",0.0001326304491888656,0.1445014633981998,11.17824098337793
0.81,"[2.206564219882404, 1.3171499784121348, 1.4284819139876979, -0.45084275782284483]","[4.137566510186394, 8.780999856080898, 4.761606379958993, -1.5028091927428162]","[-0.1790389833746816, -0.2426053341224226, -0.11421158643089149]",0.00012592316240983572,0.1424180860123021,11.219000143919102
0.8200000000000001,"[2.237853253542928, 1.3114634474560063, 1.4297529142777718, -0.45276149000500754]","[4.196237115212691, 8.74308964970671, 4.765843047592573, -1.5092049666833585]","[-0.18719254056977647, -0.23771288989978573, -0.11257661760590443]",0.00011852961955657163,0.14114708572222812,11.25691035029329
0.8300000000000001,"[2.2674315666866747, 1.3062224655633905, 1.4303007154377774, -0.45414248271785934]","[4.251699918782439, 8.708149770422605, 4.767669051459258, -1.513808275726198]","[-0.19495973463344887, -0.2330518100824186, -0.11101929255663046]",0.00011060193429001865,0.1405992845622226,11.291850229577395
0.84,"[2.295122771176928, 1.3014387351581818, 1.430225461832151, -0.45504407647681555]","[4.3036241724675195, 8.676258234387879, 4.767418206107171, -1.5168135882560518]","[-0.20229670412963438, -0.22864843608437532, -0.10954842677771617]",0.00010229481319105011,0.14067453816784892,11.323741765612121
0.85,"[2.320788271244359, 1.2971169192973753, 1.4296345210433243, -0.45553123680837343]","[4.351749992957733, 8.647446128649168, 4.765448403477748, -1.5184374560279115]","[-0.20916421653039913, -0.22452636024575243, -0.10817190095384902]",9.375580117906149e-05,0.14126547895667563,11.352553871350832
0.86,"[2.344326513035541, 1.293254522132455, 1.4286386329361467, -0.45567305081221987]","[4.395886954876319, 8.621696814216367, 4.762128776453823, -1.5189101693740663]","[-0.2155282459691891, -0.22070607045774004, -0.10689654380672611]",8.51181376983616e-05,0.14226136706385328,11.378303185783633
0.87,"[2.365671245435396, 1.289842198142496, 1.4273480958024922, -0.4555401392917206]","[4.435910829618218, 8.59894798761664, 4.757826986008308, -1.518467130972402]","[-0.22136054759138835, -0.21720459623018948, -0.10572801540275159]",7.649680986297928e-05,0.14355190419750774,11.40105201238336
0.88,"[2.384789236745299, 1.2868644458689038, 1.4258691156532126, -0.45520209796688244]","[4.4717593038539265, 8.579096305792692, 4.752897052177375, -1.5173403265562748]","[-0.22663922955556287, -0.21403515696003222, -0.10467069125191528]",6.798780809251959e-05,0.14503088434678735,11.420903694207308
0.89,"[2.4016778601033626, 1.2843005897539748, 1.4243004417564487, -0.4547250725268035]","[4.503427451909549, 8.562003931693166, 4.747668139188162, -1.5157502417560118]","[-0.23134932369495362, -0.2112068126849715, -0.10372754728387876]",5.967019532259339e-05,0.1465995582435513,11.437996068306834
0.9,"[2.416362898047088, 1.2821259215966323, 1.4227303975659717, -0.45416957024507787]","[4.530963619064482, 8.547506143977548, 4.74243465855324, -1.513898567483593]","[-0.23548335587584207, -0.20872411718357536, -0.10290004573395697]",5.1610180662179026e-05,0.1481696024340282,11.452493856022452
0.91,"[2.4288968385691985, 1.2803128591100568, 1.4212344015666627, -0.45358860172794707]","[4.554466226456401, 8.535419060733712, 4.737448005222209, -1.5119620057598235]","[-0.239041916780438, -0.20658677306083173, -0.10218802198431728]",4.386633572835001e-05,0.14966559843333727,11.464580939266288
0.92,"[2.43935785472071, 1.2788319811680944, 1.4198730576239245, -0.45302622935950665]","[4.574081857717439, 8.52554654112063, 4.732910192079748, -1.5100874311983556]","[-0.24203423360408216, -0.20478928836796603, -0.10158957223325624]",3.6495105650340705e-05,0.1510269423760755,11.47445345887937
0.93,"[2.4478495844067463, 1.2776528177706314, 1.4186908730939076, -0.45251658142282764]","[4.590004846065528, 8.51768545180421, 4.728969576979693, -1.5083886047427588]","[-0.24447874286369972, -0.203320634233268, -0.10110094182512769]",2.9555927514898633e-05,0.15220912690609234,11.48231454819579
0.9400000000000001,"[2.4545017592114236, 1.2767443023183285, 1.417715639351496, -0.4520833637076428]","[4.602478453424758, 8.51162868212219, 4.72571879783832, -1.5069445456921426]","[-0.24640366430361463, -0.20216390304848683, -0.10071641405364182]",2.311553516759038e-05,0.15318436064850394,11.48837131787781
0.9500000000000001,"[2.459471669512786, 1.2760748320263005, 1.416958477637194, -0.4517398756626521]","[4.611797617687579, 8.507165546842003, 4.723194925457314, -1.5057995855421737]","[-0.24784757501880286, -0.20129596671831018, -0.10042819910021153]",1.7251728775907665e-05,0.153941522362806,11.492834453157997
0.96,"[2.462946407503658, 1.2756119325187478, 1.4164144957347977, -0.4514895061275778]","[4.618313158641774, 8.504079550124986, 4.721381652449326, -1.5049650204252594]","[-0.24885998835576184, -0.20068713508776662, -0.10022632301599677]",1.205350229096238e-05,0.15448550426520224,11.495920449875014
0.97,"[2.465145744973373, 1.2753215468581776, 1.4160640140407597, -0.4513266373793789]","[4.622437174148459, 8.502143645721183, 4.720213380135866, -1.5044221245979297]","[-0.24950192381869624, -0.20030081299008606, -0.10009851582284143]",7.626520065425864e-06,0.1548359859592403,11.497856354278817
0.98,"[2.466325510362229, 1.2751670524857963, 1.4158741526071037, -0.45123785212003464]","[4.624649372514961, 8.501113683238643, 4.7195805086903455, -1.5041261737334488]","[-0.24984648854649472, -0.20009315747282347, -0.10003009915611225]",4.0904062919516e-06,0.15502584739289627,11.498886316761357
0.99,"[2.466781206631492, 1.2751081103315405, 1.4158006207307825, -0.4512032903185918]","[4.625503856425074, 8.500720735543604, 4.7193354024359415, -1.5040109677286393]","[-0.24997945208655256, -0.2000127334811431, -0.10000387235966457]",1.5799345467907411e-06,0.15509937926921746,11.499279264456396
1.0,"[2.4668515980297885, 1.2750995125819697, 1.415789402851653, -0.45119793817754683]","[4.625635848546388, 8.500663417213133, 4.7192980095055095, -1.5039931272584894]","[-0.24999982157229844, -0.2000001693010917, -0.09999999676770757]",2.4598730058482717e-07,0.15511059714834707,11.499336582786867
